Sample,Taxon,Table,Count
I1P1,Acizzia_alternata,above,523414
I1P1,Acizzia_solanicola,above,133750
I1P1,Aphidius_colemani,above,6714
I1P1,Bactrocera_tryoni,above,11734
I1P1,Bradysia_ocellaris,above,0
I1P1,Carpophilus_davidsoni,above,4770
I1P1,Carpophilus_dimidiatus,above,630
I1P1,Diuraphis_noxia,above,310
I1P1,Drosophila_hydeii,above,250
I1P1,Drosophila_melanogaster,above,10382
I1P1,Drosophila_simulans,above,1741
I1P1,Lysiphlebus_testaceipes,above,2077
I1P1,Metopolophium_dirhodum,above,39
I1P1,Psyllid_sp,above,2504
I1P1,Rhopalosiphum_padi,above,456
I1P1,Scaptodrosophila_lativittata,above,60
D1P1,Acizzia_alternata,above,14333
D1P1,Acizzia_solanicola,above,31293
D1P1,Aphidius_colemani,above,70708
D1P1,Bactrocera_tryoni,above,940
D1P1,Bradysia_ocellaris,above,0
D1P1,Carpophilus_davidsoni,above,4363
D1P1,Carpophilus_dimidiatus,above,11552
D1P1,Diuraphis_noxia,above,35
D1P1,Drosophila_hydeii,above,704
D1P1,Drosophila_melanogaster,above,13702
D1P1,Drosophila_simulans,above,1265
D1P1,Lysiphlebus_testaceipes,above,5965
D1P1,Metopolophium_dirhodum,above,57
D1P1,Psyllid_sp,above,2145
D1P1,Rhopalosiphum_padi,above,317
D1P1,Scaptodrosophila_lativittata,above,1563
PCRpool1P1,Acizzia_alternata,above,1186
PCRpool1P1,Acizzia_solanicola,above,18397
PCRpool1P1,Aphidius_colemani,above,81861
PCRpool1P1,Bactrocera_tryoni,above,868
PCRpool1P1,Bradysia_ocellaris,above,0
PCRpool1P1,Carpophilus_davidsoni,above,14903
PCRpool1P1,Carpophilus_dimidiatus,above,1707
PCRpool1P1,Diuraphis_noxia,above,1051
PCRpool1P1,Drosophila_hydeii,above,2288
PCRpool1P1,Drosophila_melanogaster,above,4538
PCRpool1P1,Drosophila_simulans,above,26139
PCRpool1P1,Lysiphlebus_testaceipes,above,18029
PCRpool1P1,Metopolophium_dirhodum,above,964
PCRpool1P1,Psyllid_sp,above,2448
PCRpool1P1,Rhopalosiphum_padi,above,1378
PCRpool1P1,Scaptodrosophila_lativittata,above,2300
I2P1,Acizzia_alternata,above,20189
I2P1,Acizzia_solanicola,above,472156
I2P1,Aphidius_colemani,above,444
I2P1,Bactrocera_tryoni,above,1146
I2P1,Bradysia_ocellaris,above,0
I2P1,Carpophilus_davidsoni,above,4104
I2P1,Carpophilus_dimidiatus,above,17331
I2P1,Diuraphis_noxia,above,94
I2P1,Drosophila_hydeii,above,525
I2P1,Drosophila_melanogaster,above,4720
I2P1,Drosophila_simulans,above,3476
I2P1,Lysiphlebus_testaceipes,above,0
I2P1,Metopolophium_dirhodum,above,96
I2P1,Psyllid_sp,above,957
I2P1,Rhopalosiphum_padi,above,353
I2P1,Scaptodrosophila_lativittata,above,297
D2P1,Acizzia_alternata,above,10773
D2P1,Acizzia_solanicola,above,66372
D2P1,Aphidius_colemani,above,7458
D2P1,Bactrocera_tryoni,above,844
D2P1,Bradysia_ocellaris,above,0
D2P1,Carpophilus_davidsoni,above,6172
D2P1,Carpophilus_dimidiatus,above,9084
D2P1,Diuraphis_noxia,above,42
D2P1,Drosophila_hydeii,above,483
D2P1,Drosophila_melanogaster,above,20189
D2P1,Drosophila_simulans,above,949
D2P1,Lysiphlebus_testaceipes,above,0
D2P1,Metopolophium_dirhodum,above,48
D2P1,Psyllid_sp,above,1622
D2P1,Rhopalosiphum_padi,above,194
D2P1,Scaptodrosophila_lativittata,above,1047
PCRpool2P1,Acizzia_alternata,above,1516
PCRpool2P1,Acizzia_solanicola,above,60543
PCRpool2P1,Aphidius_colemani,above,13763
PCRpool2P1,Bactrocera_tryoni,above,1091
PCRpool2P1,Bradysia_ocellaris,above,0
PCRpool2P1,Carpophilus_davidsoni,above,31793
PCRpool2P1,Carpophilus_dimidiatus,above,1672
PCRpool2P1,Diuraphis_noxia,above,1078
PCRpool2P1,Drosophila_hydeii,above,2137
PCRpool2P1,Drosophila_melanogaster,above,11063
PCRpool2P1,Drosophila_simulans,above,31686
PCRpool2P1,Lysiphlebus_testaceipes,above,0
PCRpool2P1,Metopolophium_dirhodum,above,1214
PCRpool2P1,Psyllid_sp,above,3130
PCRpool2P1,Rhopalosiphum_padi,above,1891
PCRpool2P1,Scaptodrosophila_lativittata,above,2856
I3P1,Acizzia_alternata,above,104405
I3P1,Acizzia_solanicola,above,360755
I3P1,Aphidius_colemani,above,2204
I3P1,Bactrocera_tryoni,above,7493
I3P1,Bradysia_ocellaris,above,0
I3P1,Carpophilus_davidsoni,above,223
I3P1,Carpophilus_dimidiatus,above,175
I3P1,Diuraphis_noxia,above,94
I3P1,Drosophila_hydeii,above,231
I3P1,Drosophila_melanogaster,above,33523
I3P1,Drosophila_simulans,above,9183
I3P1,Lysiphlebus_testaceipes,above,271
I3P1,Metopolophium_dirhodum,above,128
I3P1,Psyllid_sp,above,554
I3P1,Rhopalosiphum_padi,above,4694
I3P1,Scaptodrosophila_lativittata,above,260
D3P1,Acizzia_alternata,above,8906
D3P1,Acizzia_solanicola,above,113008
D3P1,Aphidius_colemani,above,7740
D3P1,Bactrocera_tryoni,above,585
D3P1,Bradysia_ocellaris,above,0
D3P1,Carpophilus_davidsoni,above,560
D3P1,Carpophilus_dimidiatus,above,8481
D3P1,Diuraphis_noxia,above,17
D3P1,Drosophila_hydeii,above,420
D3P1,Drosophila_melanogaster,above,53017
D3P1,Drosophila_simulans,above,799
D3P1,Lysiphlebus_testaceipes,above,1082
D3P1,Metopolophium_dirhodum,above,38
D3P1,Psyllid_sp,above,1462
D3P1,Rhopalosiphum_padi,above,165
D3P1,Scaptodrosophila_lativittata,above,881
PCRpool3P1,Acizzia_alternata,above,653
PCRpool3P1,Acizzia_solanicola,above,66758
PCRpool3P1,Aphidius_colemani,above,11063
PCRpool3P1,Bactrocera_tryoni,above,583
PCRpool3P1,Bradysia_ocellaris,above,0
PCRpool3P1,Carpophilus_davidsoni,above,1973
PCRpool3P1,Carpophilus_dimidiatus,above,1058
PCRpool3P1,Diuraphis_noxia,above,667
PCRpool3P1,Drosophila_hydeii,above,1696
PCRpool3P1,Drosophila_melanogaster,above,19401
PCRpool3P1,Drosophila_simulans,above,17756
PCRpool3P1,Lysiphlebus_testaceipes,above,3942
PCRpool3P1,Metopolophium_dirhodum,above,715
PCRpool3P1,Psyllid_sp,above,1814
PCRpool3P1,Rhopalosiphum_padi,above,1015
PCRpool3P1,Scaptodrosophila_lativittata,above,1834
I4P1,Acizzia_alternata,above,11105
I4P1,Acizzia_solanicola,above,110447
I4P1,Aphidius_colemani,above,19030
I4P1,Bactrocera_tryoni,above,10174
I4P1,Bradysia_ocellaris,above,0
I4P1,Carpophilus_davidsoni,above,1579
I4P1,Carpophilus_dimidiatus,above,302
I4P1,Diuraphis_noxia,above,2210
I4P1,Drosophila_hydeii,above,1790
I4P1,Drosophila_melanogaster,above,232863
I4P1,Drosophila_simulans,above,6446
I4P1,Lysiphlebus_testaceipes,above,11505
I4P1,Metopolophium_dirhodum,above,2014
I4P1,Psyllid_sp,above,2459
I4P1,Rhopalosiphum_padi,above,5615
I4P1,Scaptodrosophila_lativittata,above,929
D4P1,Acizzia_alternata,above,12028
D4P1,Acizzia_solanicola,above,10981
D4P1,Aphidius_colemani,above,16840
D4P1,Bactrocera_tryoni,above,652
D4P1,Bradysia_ocellaris,above,0
D4P1,Carpophilus_davidsoni,above,1130
D4P1,Carpophilus_dimidiatus,above,8774
D4P1,Diuraphis_noxia,above,19
D4P1,Drosophila_hydeii,above,479
D4P1,Drosophila_melanogaster,above,100988
D4P1,Drosophila_simulans,above,705
D4P1,Lysiphlebus_testaceipes,above,3625
D4P1,Metopolophium_dirhodum,above,27
D4P1,Psyllid_sp,above,1438
D4P1,Rhopalosiphum_padi,above,144
D4P1,Scaptodrosophila_lativittata,above,886
PCRpool4P1,Acizzia_alternata,above,1204
PCRpool4P1,Acizzia_solanicola,above,9894
PCRpool4P1,Aphidius_colemani,above,35269
PCRpool4P1,Bactrocera_tryoni,above,1023
PCRpool4P1,Bradysia_ocellaris,above,0
PCRpool4P1,Carpophilus_davidsoni,above,5508
PCRpool4P1,Carpophilus_dimidiatus,above,1516
PCRpool4P1,Diuraphis_noxia,above,986
PCRpool4P1,Drosophila_hydeii,above,2046
PCRpool4P1,Drosophila_melanogaster,above,52265
PCRpool4P1,Drosophila_simulans,above,27493
PCRpool4P1,Lysiphlebus_testaceipes,above,18066
PCRpool4P1,Metopolophium_dirhodum,above,1083
PCRpool4P1,Psyllid_sp,above,2436
PCRpool4P1,Rhopalosiphum_padi,above,1679
PCRpool4P1,Scaptodrosophila_lativittata,above,2517
I5P1,Acizzia_alternata,above,60423
I5P1,Acizzia_solanicola,above,352027
I5P1,Aphidius_colemani,above,17209
I5P1,Bactrocera_tryoni,above,45183
I5P1,Bradysia_ocellaris,above,913
I5P1,Carpophilus_davidsoni,above,5253
I5P1,Carpophilus_dimidiatus,above,463
I5P1,Diuraphis_noxia,above,217
I5P1,Drosophila_hydeii,above,404
I5P1,Drosophila_melanogaster,above,7480
I5P1,Drosophila_simulans,above,1031
I5P1,Lysiphlebus_testaceipes,above,4673
I5P1,Metopolophium_dirhodum,above,423
I5P1,Psyllid_sp,above,2527
I5P1,Rhopalosiphum_padi,above,3302
I5P1,Scaptodrosophila_lativittata,above,708
D5P1,Acizzia_alternata,above,13370
D5P1,Acizzia_solanicola,above,32116
D5P1,Aphidius_colemani,above,82201
D5P1,Bactrocera_tryoni,above,890
D5P1,Bradysia_ocellaris,above,543
D5P1,Carpophilus_davidsoni,above,4694
D5P1,Carpophilus_dimidiatus,above,12383
D5P1,Diuraphis_noxia,above,29
D5P1,Drosophila_hydeii,above,634
D5P1,Drosophila_melanogaster,above,13740
D5P1,Drosophila_simulans,above,1169
D5P1,Lysiphlebus_testaceipes,above,6084
D5P1,Metopolophium_dirhodum,above,50
D5P1,Psyllid_sp,above,2156
D5P1,Rhopalosiphum_padi,above,264
D5P1,Scaptodrosophila_lativittata,above,1525
PCRpool5P1,Acizzia_alternata,above,1082
PCRpool5P1,Acizzia_solanicola,above,18671
PCRpool5P1,Aphidius_colemani,above,96013
PCRpool5P1,Bactrocera_tryoni,above,867
PCRpool5P1,Bradysia_ocellaris,above,1389
PCRpool5P1,Carpophilus_davidsoni,above,16000
PCRpool5P1,Carpophilus_dimidiatus,above,1646
PCRpool5P1,Diuraphis_noxia,above,835
PCRpool5P1,Drosophila_hydeii,above,2092
PCRpool5P1,Drosophila_melanogaster,above,5122
PCRpool5P1,Drosophila_simulans,above,25998
PCRpool5P1,Lysiphlebus_testaceipes,above,18551
PCRpool5P1,Metopolophium_dirhodum,above,1011
PCRpool5P1,Psyllid_sp,above,2666
PCRpool5P1,Rhopalosiphum_padi,above,1680
PCRpool5P1,Scaptodrosophila_lativittata,above,2793
I6P1,Acizzia_alternata,above,2567
I6P1,Acizzia_solanicola,above,470631
I6P1,Aphidius_colemani,above,1967
I6P1,Bactrocera_tryoni,above,16356
I6P1,Bradysia_ocellaris,above,0
I6P1,Carpophilus_davidsoni,above,2960
I6P1,Carpophilus_dimidiatus,above,638
I6P1,Diuraphis_noxia,above,706
I6P1,Drosophila_hydeii,above,1534
I6P1,Drosophila_melanogaster,above,14034
I6P1,Drosophila_simulans,above,1619
I6P1,Lysiphlebus_testaceipes,above,351
I6P1,Metopolophium_dirhodum,above,90
I6P1,Psyllid_sp,above,5206
I6P1,Rhopalosiphum_padi,above,2257
I6P1,Scaptodrosophila_lativittata,above,1436
D6P1,Acizzia_alternata,above,11426
D6P1,Acizzia_solanicola,above,65016
D6P1,Aphidius_colemani,above,6047
D6P1,Bactrocera_tryoni,above,1106
D6P1,Bradysia_ocellaris,above,0
D6P1,Carpophilus_davidsoni,above,5929
D6P1,Carpophilus_dimidiatus,above,8322
D6P1,Diuraphis_noxia,above,25
D6P1,Drosophila_hydeii,above,444
D6P1,Drosophila_melanogaster,above,19943
D6P1,Drosophila_simulans,above,898
D6P1,Lysiphlebus_testaceipes,above,248
D6P1,Metopolophium_dirhodum,above,48
D6P1,Psyllid_sp,above,1553
D6P1,Rhopalosiphum_padi,above,230
D6P1,Scaptodrosophila_lativittata,above,1650
PCRpool6P1,Acizzia_alternata,above,1348
PCRpool6P1,Acizzia_solanicola,above,60770
PCRpool6P1,Aphidius_colemani,above,12121
PCRpool6P1,Bactrocera_tryoni,above,1129
PCRpool6P1,Bradysia_ocellaris,above,0
PCRpool6P1,Carpophilus_davidsoni,above,33693
PCRpool6P1,Carpophilus_dimidiatus,above,1921
PCRpool6P1,Diuraphis_noxia,above,1058
PCRpool6P1,Drosophila_hydeii,above,2238
PCRpool6P1,Drosophila_melanogaster,above,11455
PCRpool6P1,Drosophila_simulans,above,31378
PCRpool6P1,Lysiphlebus_testaceipes,above,1540
PCRpool6P1,Metopolophium_dirhodum,above,1269
PCRpool6P1,Psyllid_sp,above,2897
PCRpool6P1,Rhopalosiphum_padi,above,2353
PCRpool6P1,Scaptodrosophila_lativittata,above,3018
I7P1,Acizzia_alternata,above,2107
I7P1,Acizzia_solanicola,above,488871
I7P1,Aphidius_colemani,above,3583
I7P1,Bactrocera_tryoni,above,5687
I7P1,Bradysia_ocellaris,above,20
I7P1,Carpophilus_davidsoni,above,77
I7P1,Carpophilus_dimidiatus,above,48
I7P1,Diuraphis_noxia,above,45
I7P1,Drosophila_hydeii,above,2027
I7P1,Drosophila_melanogaster,above,32029
I7P1,Drosophila_simulans,above,142
I7P1,Lysiphlebus_testaceipes,above,34
I7P1,Metopolophium_dirhodum,above,148
I7P1,Psyllid_sp,above,3749
I7P1,Rhopalosiphum_padi,above,449
I7P1,Scaptodrosophila_lativittata,above,50
D7P1,Acizzia_alternata,above,15264
D7P1,Acizzia_solanicola,above,108246
D7P1,Aphidius_colemani,above,11312
D7P1,Bactrocera_tryoni,above,863
D7P1,Bradysia_ocellaris,above,526
D7P1,Carpophilus_davidsoni,above,533
D7P1,Carpophilus_dimidiatus,above,7770
D7P1,Diuraphis_noxia,above,23
D7P1,Drosophila_hydeii,above,393
D7P1,Drosophila_melanogaster,above,52726
D7P1,Drosophila_simulans,above,662
D7P1,Lysiphlebus_testaceipes,above,318
D7P1,Metopolophium_dirhodum,above,24
D7P1,Psyllid_sp,above,1330
D7P1,Rhopalosiphum_padi,above,165
D7P1,Scaptodrosophila_lativittata,above,857
PCRpool7P1,Acizzia_alternata,above,1065
PCRpool7P1,Acizzia_solanicola,above,77726
PCRpool7P1,Aphidius_colemani,above,18157
PCRpool7P1,Bactrocera_tryoni,above,764
PCRpool7P1,Bradysia_ocellaris,above,1028
PCRpool7P1,Carpophilus_davidsoni,above,2370
PCRpool7P1,Carpophilus_dimidiatus,above,1276
PCRpool7P1,Diuraphis_noxia,above,733
PCRpool7P1,Drosophila_hydeii,above,1621
PCRpool7P1,Drosophila_melanogaster,above,22851
PCRpool7P1,Drosophila_simulans,above,22385
PCRpool7P1,Lysiphlebus_testaceipes,above,0
PCRpool7P1,Metopolophium_dirhodum,above,833
PCRpool7P1,Psyllid_sp,above,1812
PCRpool7P1,Rhopalosiphum_padi,above,1353
PCRpool7P1,Scaptodrosophila_lativittata,above,2063
I8P1,Acizzia_alternata,above,138424
I8P1,Acizzia_solanicola,above,225881
I8P1,Aphidius_colemani,above,4757
I8P1,Bactrocera_tryoni,above,41034
I8P1,Bradysia_ocellaris,above,0
I8P1,Carpophilus_davidsoni,above,724
I8P1,Carpophilus_dimidiatus,above,1759
I8P1,Diuraphis_noxia,above,296
I8P1,Drosophila_hydeii,above,6069
I8P1,Drosophila_melanogaster,above,159702
I8P1,Drosophila_simulans,above,2831
I8P1,Lysiphlebus_testaceipes,above,428
I8P1,Metopolophium_dirhodum,above,2467
I8P1,Psyllid_sp,above,6510
I8P1,Rhopalosiphum_padi,above,2812
I8P1,Scaptodrosophila_lativittata,above,464
D8P1,Acizzia_alternata,above,8597
D8P1,Acizzia_solanicola,above,10148
D8P1,Aphidius_colemani,above,25940
D8P1,Bactrocera_tryoni,above,798
D8P1,Bradysia_ocellaris,above,0
D8P1,Carpophilus_davidsoni,above,1035
D8P1,Carpophilus_dimidiatus,above,7552
D8P1,Diuraphis_noxia,above,22
D8P1,Drosophila_hydeii,above,452
D8P1,Drosophila_melanogaster,above,92195
D8P1,Drosophila_simulans,above,777
D8P1,Lysiphlebus_testaceipes,above,1270
D8P1,Metopolophium_dirhodum,above,36
D8P1,Psyllid_sp,above,1279
D8P1,Rhopalosiphum_padi,above,185
D8P1,Scaptodrosophila_lativittata,above,856
PCRpool8P1,Acizzia_alternata,above,1947
PCRpool8P1,Acizzia_solanicola,above,10364
PCRpool8P1,Aphidius_colemani,above,59831
PCRpool8P1,Bactrocera_tryoni,above,973
PCRpool8P1,Bradysia_ocellaris,above,0
PCRpool8P1,Carpophilus_davidsoni,above,6360
PCRpool8P1,Carpophilus_dimidiatus,above,1956
PCRpool8P1,Diuraphis_noxia,above,1065
PCRpool8P1,Drosophila_hydeii,above,2251
PCRpool8P1,Drosophila_melanogaster,above,61216
PCRpool8P1,Drosophila_simulans,above,31460
PCRpool8P1,Lysiphlebus_testaceipes,above,7836
PCRpool8P1,Metopolophium_dirhodum,above,1288
PCRpool8P1,Psyllid_sp,above,2932
PCRpool8P1,Rhopalosiphum_padi,above,1855
PCRpool8P1,Scaptodrosophila_lativittata,above,3031
I1P2,Acizzia_alternata,above,276614
I1P2,Acizzia_solanicola,above,98450
I1P2,Aphidius_colemani,above,5261
I1P2,Bactrocera_tryoni,above,9883
I1P2,Bradysia_ocellaris,above,0
I1P2,Carpophilus_davidsoni,above,24347
I1P2,Carpophilus_dimidiatus,above,160
I1P2,Diuraphis_noxia,above,450
I1P2,Drosophila_hydeii,above,270
I1P2,Drosophila_melanogaster,above,2370
I1P2,Drosophila_simulans,above,616
I1P2,Lysiphlebus_testaceipes,above,1773
I1P2,Metopolophium_dirhodum,above,85
I1P2,Psyllid_sp,above,12181
I1P2,Rhopalosiphum_padi,above,1166
I1P2,Scaptodrosophila_lativittata,above,57
D1P2,Acizzia_alternata,above,12771
D1P2,Acizzia_solanicola,above,27560
D1P2,Aphidius_colemani,above,40449
D1P2,Bactrocera_tryoni,above,1180
D1P2,Bradysia_ocellaris,above,0
D1P2,Carpophilus_davidsoni,above,23112
D1P2,Carpophilus_dimidiatus,above,7229
D1P2,Diuraphis_noxia,above,38
D1P2,Drosophila_hydeii,above,1119
D1P2,Drosophila_melanogaster,above,3990
D1P2,Drosophila_simulans,above,655
D1P2,Lysiphlebus_testaceipes,above,4999
D1P2,Metopolophium_dirhodum,above,121
D1P2,Psyllid_sp,above,10751
D1P2,Rhopalosiphum_padi,above,693
D1P2,Scaptodrosophila_lativittata,above,1050
PCRpool1P2,Acizzia_alternata,above,1798
PCRpool1P2,Acizzia_solanicola,above,14333
PCRpool1P2,Aphidius_colemani,above,55676
PCRpool1P2,Bactrocera_tryoni,above,1882
PCRpool1P2,Bradysia_ocellaris,above,0
PCRpool1P2,Carpophilus_davidsoni,above,29470
PCRpool1P2,Carpophilus_dimidiatus,above,1203
PCRpool1P2,Diuraphis_noxia,above,787
PCRpool1P2,Drosophila_hydeii,above,1639
PCRpool1P2,Drosophila_melanogaster,above,7427
PCRpool1P2,Drosophila_simulans,above,2860
PCRpool1P2,Lysiphlebus_testaceipes,above,9944
PCRpool1P2,Metopolophium_dirhodum,above,1008
PCRpool1P2,Psyllid_sp,above,3664
PCRpool1P2,Rhopalosiphum_padi,above,1648
PCRpool1P2,Scaptodrosophila_lativittata,above,1413
I2P2,Acizzia_alternata,above,18862
I2P2,Acizzia_solanicola,above,588644
I2P2,Aphidius_colemani,above,519
I2P2,Bactrocera_tryoni,above,1503
I2P2,Bradysia_ocellaris,above,0
I2P2,Carpophilus_davidsoni,above,41240
I2P2,Carpophilus_dimidiatus,above,12876
I2P2,Diuraphis_noxia,above,204
I2P2,Drosophila_hydeii,above,985
I2P2,Drosophila_melanogaster,above,1938
I2P2,Drosophila_simulans,above,2225
I2P2,Lysiphlebus_testaceipes,above,0
I2P2,Metopolophium_dirhodum,above,416
I2P2,Psyllid_sp,above,7663
I2P2,Rhopalosiphum_padi,above,1240
I2P2,Scaptodrosophila_lativittata,above,375
D2P2,Acizzia_alternata,above,11123
D2P2,Acizzia_solanicola,above,68223
D2P2,Aphidius_colemani,above,5102
D2P2,Bactrocera_tryoni,above,1299
D2P2,Bradysia_ocellaris,above,0
D2P2,Carpophilus_davidsoni,above,36766
D2P2,Carpophilus_dimidiatus,above,6428
D2P2,Diuraphis_noxia,above,70
D2P2,Drosophila_hydeii,above,909
D2P2,Drosophila_melanogaster,above,7202
D2P2,Drosophila_simulans,above,523
D2P2,Lysiphlebus_testaceipes,above,0
D2P2,Metopolophium_dirhodum,above,102
D2P2,Psyllid_sp,above,9032
D2P2,Rhopalosiphum_padi,above,604
D2P2,Scaptodrosophila_lativittata,above,897
PCRpool2P2,Acizzia_alternata,above,1214
PCRpool2P2,Acizzia_solanicola,above,32273
PCRpool2P2,Aphidius_colemani,above,6969
PCRpool2P2,Bactrocera_tryoni,above,1674
PCRpool2P2,Bradysia_ocellaris,above,0
PCRpool2P2,Carpophilus_davidsoni,above,47453
PCRpool2P2,Carpophilus_dimidiatus,above,1017
PCRpool2P2,Diuraphis_noxia,above,644
PCRpool2P2,Drosophila_hydeii,above,1086
PCRpool2P2,Drosophila_melanogaster,above,12941
PCRpool2P2,Drosophila_simulans,above,2349
PCRpool2P2,Lysiphlebus_testaceipes,above,0
PCRpool2P2,Metopolophium_dirhodum,above,732
PCRpool2P2,Psyllid_sp,above,2880
PCRpool2P2,Rhopalosiphum_padi,above,1279
PCRpool2P2,Scaptodrosophila_lativittata,above,1074
I3P2,Acizzia_alternata,above,77534
I3P2,Acizzia_solanicola,above,407500
I3P2,Aphidius_colemani,above,2960
I3P2,Bactrocera_tryoni,above,6224
I3P2,Bradysia_ocellaris,above,0
I3P2,Carpophilus_davidsoni,above,1369
I3P2,Carpophilus_dimidiatus,above,83
I3P2,Diuraphis_noxia,above,174
I3P2,Drosophila_hydeii,above,356
I3P2,Drosophila_melanogaster,above,11625
I3P2,Drosophila_simulans,above,4253
I3P2,Lysiphlebus_testaceipes,above,581
I3P2,Metopolophium_dirhodum,above,354
I3P2,Psyllid_sp,above,3018
I3P2,Rhopalosiphum_padi,above,12246
I3P2,Scaptodrosophila_lativittata,above,170
D3P2,Acizzia_alternata,above,9814
D3P2,Acizzia_solanicola,above,109001
D3P2,Aphidius_colemani,above,5551
D3P2,Bactrocera_tryoni,above,1025
D3P2,Bradysia_ocellaris,above,0
D3P2,Carpophilus_davidsoni,above,3458
D3P2,Carpophilus_dimidiatus,above,6096
D3P2,Diuraphis_noxia,above,28
D3P2,Drosophila_hydeii,above,839
D3P2,Drosophila_melanogaster,above,16955
D3P2,Drosophila_simulans,above,460
D3P2,Lysiphlebus_testaceipes,above,1154
D3P2,Metopolophium_dirhodum,above,103
D3P2,Psyllid_sp,above,8164
D3P2,Rhopalosiphum_padi,above,502
D3P2,Scaptodrosophila_lativittata,above,767
PCRpool3P2,Acizzia_alternata,above,1711
PCRpool3P2,Acizzia_solanicola,above,82002
PCRpool3P2,Aphidius_colemani,above,11785
PCRpool3P2,Bactrocera_tryoni,above,2158
PCRpool3P2,Bradysia_ocellaris,above,0
PCRpool3P2,Carpophilus_davidsoni,above,6475
PCRpool3P2,Carpophilus_dimidiatus,above,1501
PCRpool3P2,Diuraphis_noxia,above,769
PCRpool3P2,Drosophila_hydeii,above,1662
PCRpool3P2,Drosophila_melanogaster,above,50600
PCRpool3P2,Drosophila_simulans,above,2999
PCRpool3P2,Lysiphlebus_testaceipes,above,3222
PCRpool3P2,Metopolophium_dirhodum,above,1160
PCRpool3P2,Psyllid_sp,above,4121
PCRpool3P2,Rhopalosiphum_padi,above,1885
PCRpool3P2,Scaptodrosophila_lativittata,above,1902
I4P2,Acizzia_alternata,above,11286
I4P2,Acizzia_solanicola,above,171308
I4P2,Aphidius_colemani,above,23108
I4P2,Bactrocera_tryoni,above,21997
I4P2,Bradysia_ocellaris,above,0
I4P2,Carpophilus_davidsoni,above,17121
I4P2,Carpophilus_dimidiatus,above,31
I4P2,Diuraphis_noxia,above,4167
I4P2,Drosophila_hydeii,above,4630
I4P2,Drosophila_melanogaster,above,102290
I4P2,Drosophila_simulans,above,5293
I4P2,Lysiphlebus_testaceipes,above,13802
I4P2,Metopolophium_dirhodum,above,8737
I4P2,Psyllid_sp,above,23472
I4P2,Rhopalosiphum_padi,above,19667
I4P2,Scaptodrosophila_lativittata,above,597
D4P2,Acizzia_alternata,above,20272
D4P2,Acizzia_solanicola,above,18331
D4P2,Aphidius_colemani,above,18415
D4P2,Bactrocera_tryoni,above,1483
D4P2,Bradysia_ocellaris,above,0
D4P2,Carpophilus_davidsoni,above,10246
D4P2,Carpophilus_dimidiatus,above,9382
D4P2,Diuraphis_noxia,above,53
D4P2,Drosophila_hydeii,above,1474
D4P2,Drosophila_melanogaster,above,50596
D4P2,Drosophila_simulans,above,682
D4P2,Lysiphlebus_testaceipes,above,5694
D4P2,Metopolophium_dirhodum,above,187
D4P2,Psyllid_sp,above,13181
D4P2,Rhopalosiphum_padi,above,817
D4P2,Scaptodrosophila_lativittata,above,1290
PCRpool4P2,Acizzia_alternata,above,1597
PCRpool4P2,Acizzia_solanicola,above,8140
PCRpool4P2,Aphidius_colemani,above,23667
PCRpool4P2,Bactrocera_tryoni,above,2205
PCRpool4P2,Bradysia_ocellaris,above,0
PCRpool4P2,Carpophilus_davidsoni,above,12895
PCRpool4P2,Carpophilus_dimidiatus,above,1377
PCRpool4P2,Diuraphis_noxia,above,789
PCRpool4P2,Drosophila_hydeii,above,1737
PCRpool4P2,Drosophila_melanogaster,above,90865
PCRpool4P2,Drosophila_simulans,above,3089
PCRpool4P2,Lysiphlebus_testaceipes,above,10342
PCRpool4P2,Metopolophium_dirhodum,above,1010
PCRpool4P2,Psyllid_sp,above,4288
PCRpool4P2,Rhopalosiphum_padi,above,1900
PCRpool4P2,Scaptodrosophila_lativittata,above,1691
I5P2,Acizzia_alternata,above,51187
I5P2,Acizzia_solanicola,above,348328
I5P2,Aphidius_colemani,above,8994
I5P2,Bactrocera_tryoni,above,32648
I5P2,Bradysia_ocellaris,above,1525
I5P2,Carpophilus_davidsoni,above,37928
I5P2,Carpophilus_dimidiatus,above,310
I5P2,Diuraphis_noxia,above,198
I5P2,Drosophila_hydeii,above,642
I5P2,Drosophila_melanogaster,above,2725
I5P2,Drosophila_simulans,above,464
I5P2,Lysiphlebus_testaceipes,above,3583
I5P2,Metopolophium_dirhodum,above,760
I5P2,Psyllid_sp,above,12285
I5P2,Rhopalosiphum_padi,above,6305
I5P2,Scaptodrosophila_lativittata,above,485
D5P2,Acizzia_alternata,above,11732
D5P2,Acizzia_solanicola,above,27139
D5P2,Aphidius_colemani,above,42443
D5P2,Bactrocera_tryoni,above,1384
D5P2,Bradysia_ocellaris,above,1179
D5P2,Carpophilus_davidsoni,above,22412
D5P2,Carpophilus_dimidiatus,above,7798
D5P2,Diuraphis_noxia,above,24
D5P2,Drosophila_hydeii,above,980
D5P2,Drosophila_melanogaster,above,3692
D5P2,Drosophila_simulans,above,581
D5P2,Lysiphlebus_testaceipes,above,4669
D5P2,Metopolophium_dirhodum,above,114
D5P2,Psyllid_sp,above,10523
D5P2,Rhopalosiphum_padi,above,522
D5P2,Scaptodrosophila_lativittata,above,1017
PCRpool5P2,Acizzia_alternata,above,1544
PCRpool5P2,Acizzia_solanicola,above,16978
PCRpool5P2,Aphidius_colemani,above,78707
PCRpool5P2,Bactrocera_tryoni,above,2178
PCRpool5P2,Bradysia_ocellaris,above,1367
PCRpool5P2,Carpophilus_davidsoni,above,39015
PCRpool5P2,Carpophilus_dimidiatus,above,1696
PCRpool5P2,Diuraphis_noxia,above,876
PCRpool5P2,Drosophila_hydeii,above,1966
PCRpool5P2,Drosophila_melanogaster,above,9645
PCRpool5P2,Drosophila_simulans,above,3550
PCRpool5P2,Lysiphlebus_testaceipes,above,11739
PCRpool5P2,Metopolophium_dirhodum,above,1178
PCRpool5P2,Psyllid_sp,above,5696
PCRpool5P2,Rhopalosiphum_padi,above,1942
PCRpool5P2,Scaptodrosophila_lativittata,above,1828
I6P2,Acizzia_alternata,above,2302
I6P2,Acizzia_solanicola,above,456632
I6P2,Aphidius_colemani,above,1106
I6P2,Bactrocera_tryoni,above,21907
I6P2,Bradysia_ocellaris,above,0
I6P2,Carpophilus_davidsoni,above,18889
I6P2,Carpophilus_dimidiatus,above,423
I6P2,Diuraphis_noxia,above,977
I6P2,Drosophila_hydeii,above,2691
I6P2,Drosophila_melanogaster,above,5506
I6P2,Drosophila_simulans,above,751
I6P2,Lysiphlebus_testaceipes,above,272
I6P2,Metopolophium_dirhodum,above,173
I6P2,Psyllid_sp,above,24961
I6P2,Rhopalosiphum_padi,above,4319
I6P2,Scaptodrosophila_lativittata,above,913
D6P2,Acizzia_alternata,above,11077
D6P2,Acizzia_solanicola,above,61064
D6P2,Aphidius_colemani,above,3516
D6P2,Bactrocera_tryoni,above,1725
D6P2,Bradysia_ocellaris,above,0
D6P2,Carpophilus_davidsoni,above,37540
D6P2,Carpophilus_dimidiatus,above,6186
D6P2,Diuraphis_noxia,above,22
D6P2,Drosophila_hydeii,above,785
D6P2,Drosophila_melanogaster,above,5881
D6P2,Drosophila_simulans,above,428
D6P2,Lysiphlebus_testaceipes,above,287
D6P2,Metopolophium_dirhodum,above,108
D6P2,Psyllid_sp,above,8444
D6P2,Rhopalosiphum_padi,above,396
D6P2,Scaptodrosophila_lativittata,above,1120
PCRpool6P2,Acizzia_alternata,above,2072
PCRpool6P2,Acizzia_solanicola,above,59552
PCRpool6P2,Aphidius_colemani,above,10209
PCRpool6P2,Bactrocera_tryoni,above,2723
PCRpool6P2,Bradysia_ocellaris,above,0
PCRpool6P2,Carpophilus_davidsoni,above,89374
PCRpool6P2,Carpophilus_dimidiatus,above,1917
PCRpool6P2,Diuraphis_noxia,above,1147
PCRpool6P2,Drosophila_hydeii,above,2179
PCRpool6P2,Drosophila_melanogaster,above,23469
PCRpool6P2,Drosophila_simulans,above,4299
PCRpool6P2,Lysiphlebus_testaceipes,above,1002
PCRpool6P2,Metopolophium_dirhodum,above,1243
PCRpool6P2,Psyllid_sp,above,5550
PCRpool6P2,Rhopalosiphum_padi,above,2446
PCRpool6P2,Scaptodrosophila_lativittata,above,2157
I7P2,Acizzia_alternata,above,2281
I7P2,Acizzia_solanicola,above,500599
I7P2,Aphidius_colemani,above,2901
I7P2,Bactrocera_tryoni,above,4422
I7P2,Bradysia_ocellaris,above,40
I7P2,Carpophilus_davidsoni,above,515
I7P2,Carpophilus_dimidiatus,above,42
I7P2,Diuraphis_noxia,above,56
I7P2,Drosophila_hydeii,above,3988
I7P2,Drosophila_melanogaster,above,13778
I7P2,Drosophila_simulans,above,102
I7P2,Lysiphlebus_testaceipes,above,34
I7P2,Metopolophium_dirhodum,above,434
I7P2,Psyllid_sp,above,19948
I7P2,Rhopalosiphum_padi,above,1075
I7P2,Scaptodrosophila_lativittata,above,40
D7P2,Acizzia_alternata,above,18187
D7P2,Acizzia_solanicola,above,122662
D7P2,Aphidius_colemani,above,8390
D7P2,Bactrocera_tryoni,above,1697
D7P2,Bradysia_ocellaris,above,1424
D7P2,Carpophilus_davidsoni,above,4019
D7P2,Carpophilus_dimidiatus,above,6742
D7P2,Diuraphis_noxia,above,29
D7P2,Drosophila_hydeii,above,892
D7P2,Drosophila_melanogaster,above,18289
D7P2,Drosophila_simulans,above,481
D7P2,Lysiphlebus_testaceipes,above,320
D7P2,Metopolophium_dirhodum,above,91
D7P2,Psyllid_sp,above,9265
D7P2,Rhopalosiphum_padi,above,397
D7P2,Scaptodrosophila_lativittata,above,935
PCRpool7P2,Acizzia_alternata,above,1931
PCRpool7P2,Acizzia_solanicola,above,97569
PCRpool7P2,Aphidius_colemani,above,20293
PCRpool7P2,Bactrocera_tryoni,above,2149
PCRpool7P2,Bradysia_ocellaris,above,1511
PCRpool7P2,Carpophilus_davidsoni,above,7859
PCRpool7P2,Carpophilus_dimidiatus,above,1781
PCRpool7P2,Diuraphis_noxia,above,944
PCRpool7P2,Drosophila_hydeii,above,1880
PCRpool7P2,Drosophila_melanogaster,above,60116
PCRpool7P2,Drosophila_simulans,above,3700
PCRpool7P2,Lysiphlebus_testaceipes,above,909
PCRpool7P2,Metopolophium_dirhodum,above,1227
PCRpool7P2,Psyllid_sp,above,4810
PCRpool7P2,Rhopalosiphum_padi,above,2199
PCRpool7P2,Scaptodrosophila_lativittata,above,1739
I8P2,Acizzia_alternata,above,119456
I8P2,Acizzia_solanicola,above,235540
I8P2,Aphidius_colemani,above,3299
I8P2,Bactrocera_tryoni,above,56214
I8P2,Bradysia_ocellaris,above,0
I8P2,Carpophilus_davidsoni,above,5534
I8P2,Carpophilus_dimidiatus,above,1161
I8P2,Diuraphis_noxia,above,377
I8P2,Drosophila_hydeii,above,10770
I8P2,Drosophila_melanogaster,above,64722
I8P2,Drosophila_simulans,above,1532
I8P2,Lysiphlebus_testaceipes,above,389
I8P2,Metopolophium_dirhodum,above,5775
I8P2,Psyllid_sp,above,31879
I8P2,Rhopalosiphum_padi,above,5816
I8P2,Scaptodrosophila_lativittata,above,361
D8P2,Acizzia_alternata,above,12287
D8P2,Acizzia_solanicola,above,14525
D8P2,Aphidius_colemani,above,23340
D8P2,Bactrocera_tryoni,above,1598
D8P2,Bradysia_ocellaris,above,0
D8P2,Carpophilus_davidsoni,above,8497
D8P2,Carpophilus_dimidiatus,above,7447
D8P2,Diuraphis_noxia,above,46
D8P2,Drosophila_hydeii,above,1171
D8P2,Drosophila_melanogaster,above,39660
D8P2,Drosophila_simulans,above,594
D8P2,Lysiphlebus_testaceipes,above,1663
D8P2,Metopolophium_dirhodum,above,156
D8P2,Psyllid_sp,above,10452
D8P2,Rhopalosiphum_padi,above,576
D8P2,Scaptodrosophila_lativittata,above,1001
PCRpool8P2,Acizzia_alternata,above,1451
PCRpool8P2,Acizzia_solanicola,above,7995
PCRpool8P2,Aphidius_colemani,above,37459
PCRpool8P2,Bactrocera_tryoni,above,1971
PCRpool8P2,Bradysia_ocellaris,above,0
PCRpool8P2,Carpophilus_davidsoni,above,13334
PCRpool8P2,Carpophilus_dimidiatus,above,1386
PCRpool8P2,Diuraphis_noxia,above,919
PCRpool8P2,Drosophila_hydeii,above,1698
PCRpool8P2,Drosophila_melanogaster,above,93888
PCRpool8P2,Drosophila_simulans,above,3190
PCRpool8P2,Lysiphlebus_testaceipes,above,4220
PCRpool8P2,Metopolophium_dirhodum,above,1008
PCRpool8P2,Psyllid_sp,above,4272
PCRpool8P2,Rhopalosiphum_padi,above,1690
PCRpool8P2,Scaptodrosophila_lativittata,above,1587
