Sample,Taxon,Count,Observed,Expected,Num_species
I1P1,Acizzia_alternata,523414,74.89850908,0.01,15
I1P1,Acizzia_solanicola,133750,19.13910516,0.1,15
I1P1,Aphidius_colemani,6714,0.960747305,0.36,15
I1P1,Bactrocera_tryoni,11734,1.679089794,0.01,15
I1P1,Bradysia_ocellaris,0,0,0,15
I1P1,Carpophilus_davidsoni,4770,0.682568461,0.25,15
I1P1,Carpophilus_dimidiatus,630,0.090150551,0.01,15
I1P1,Diuraphis_noxia,310,0.044359795,0.01,15
I1P1,Drosophila_hydeii,250,0.035774028,0.01,15
I1P1,Drosophila_melanogaster,10382,1.485623849,0.05,15
I1P1,Drosophila_simulans,1741,0.249130333,0.01,15
I1P1,Lysiphlebus_testaceipes,2077,0.297210627,0.14,15
I1P1,Metopolophium_dirhodum,39,0.005580748,0.01,15
I1P1,Psyllid_sp,2504,0.358312668,0.01,15
I1P1,Rhopalosiphum_padi,456,0.065251828,0.01,15
I1P1,Scaptodrosophila_lativittata,60,0.008585767,0.01,15
D1P1,Acizzia_alternata,14333,9.017754904,0.01,15
D1P1,Acizzia_solanicola,31293,19.68831398,0.1,15
D1P1,Aphidius_colemani,70708,44.48666809,0.36,15
D1P1,Bactrocera_tryoni,940,0.591410703,0.01,15
D1P1,Bradysia_ocellaris,0,0,0,15
D1P1,Carpophilus_davidsoni,4363,2.745026488,0.25,15
D1P1,Carpophilus_dimidiatus,11552,7.268060047,0.01,15
D1P1,Diuraphis_noxia,35,0.022020611,0.01,15
D1P1,Drosophila_hydeii,704,0.442928867,0.01,15
D1P1,Drosophila_melanogaster,13702,8.620754741,0.05,15
D1P1,Drosophila_simulans,1265,0.795887808,0.01,15
D1P1,Lysiphlebus_testaceipes,5965,3.752941325,0.14,15
D1P1,Metopolophium_dirhodum,57,0.035862138,0.01,15
D1P1,Psyllid_sp,2145,1.349548892,0.01,15
D1P1,Rhopalosiphum_padi,317,0.199443822,0.01,15
D1P1,Scaptodrosophila_lativittata,1563,0.983377584,0.01,15
PCRpool1P1,Acizzia_alternata,1186,0.66607884,0.01,15
PCRpool1P1,Acizzia_solanicola,18397,10.33208467,0.1,15
PCRpool1P1,Aphidius_colemani,81861,45.97460364,0.36,15
PCRpool1P1,Bactrocera_tryoni,868,0.487484345,0.01,15
PCRpool1P1,Bradysia_ocellaris,0,0,0,15
PCRpool1P1,Carpophilus_davidsoni,14903,8.369791696,0.25,15
PCRpool1P1,Carpophilus_dimidiatus,1707,0.95868177,0.01,15
PCRpool1P1,Diuraphis_noxia,1051,0.590260422,0.01,15
PCRpool1P1,Drosophila_hydeii,2288,1.284981775,0.01,15
PCRpool1P1,Drosophila_melanogaster,4538,2.54862207,0.05,15
PCRpool1P1,Drosophila_simulans,26139,14.68013052,0.01,15
PCRpool1P1,Lysiphlebus_testaceipes,18029,10.12540928,0.14,15
PCRpool1P1,Metopolophium_dirhodum,964,0.541399664,0.01,15
PCRpool1P1,Psyllid_sp,2448,1.374840641,0.01,15
PCRpool1P1,Rhopalosiphum_padi,1378,0.773909478,0.01,15
PCRpool1P1,Scaptodrosophila_lativittata,2300,1.29172119,0.01,15
I2P1,Acizzia_alternata,20189,3.839030364,0.01,14
I2P1,Acizzia_solanicola,472156,89.78261531,0.25,14
I2P1,Aphidius_colemani,444,0.084428624,0.05,14
I2P1,Bactrocera_tryoni,1146,0.217917123,0.01,14
I2P1,Bradysia_ocellaris,0,0,0,14
I2P1,Carpophilus_davidsoni,4104,0.780394304,0.5,14
I2P1,Carpophilus_dimidiatus,17331,3.295568638,0.01,14
I2P1,Diuraphis_noxia,94,0.017874528,0.01,14
I2P1,Drosophila_hydeii,525,0.099831143,0.01,14
I2P1,Drosophila_melanogaster,4720,0.897529512,0.1,14
I2P1,Drosophila_simulans,3476,0.660977242,0.01,14
I2P1,Lysiphlebus_testaceipes,0,0,0,14
I2P1,Metopolophium_dirhodum,96,0.018254838,0.01,14
I2P1,Psyllid_sp,957,0.181977912,0.01,14
I2P1,Rhopalosiphum_padi,353,0.067124559,0.01,14
I2P1,Scaptodrosophila_lativittata,297,0.056475904,0.01,14
D2P1,Acizzia_alternata,10773,8.599343854,0.01,14
D2P1,Acizzia_solanicola,66372,52.98019589,0.25,14
D2P1,Aphidius_colemani,7458,5.953207692,0.05,14
D2P1,Bactrocera_tryoni,844,0.673707065,0.01,14
D2P1,Bradysia_ocellaris,0,0,0,14
D2P1,Carpophilus_davidsoni,6172,4.926682472,0.5,14
D2P1,Carpophilus_dimidiatus,9084,7.251131493,0.01,14
D2P1,Diuraphis_noxia,42,0.033525707,0.01,14
D2P1,Drosophila_hydeii,483,0.385545631,0.01,14
D2P1,Drosophila_melanogaster,20189,16.11548808,0.1,14
D2P1,Drosophila_simulans,949,0.757521333,0.01,14
D2P1,Lysiphlebus_testaceipes,0,0,0,14
D2P1,Metopolophium_dirhodum,48,0.038315094,0.01,14
D2P1,Psyllid_sp,1622,1.294730876,0.01,14
D2P1,Rhopalosiphum_padi,194,0.154856837,0.01,14
D2P1,Scaptodrosophila_lativittata,1047,0.835747982,0.01,14
PCRpool2P1,Acizzia_alternata,1516,0.916383067,0.01,14
PCRpool2P1,Acizzia_solanicola,60543,36.59668869,0.25,14
PCRpool2P1,Aphidius_colemani,13763,8.319380051,0.05,14
PCRpool2P1,Bactrocera_tryoni,1091,0.659481482,0.01,14
PCRpool2P1,Bradysia_ocellaris,0,0,0,14
PCRpool2P1,Carpophilus_davidsoni,31793,19.21805202,0.5,14
PCRpool2P1,Carpophilus_dimidiatus,1672,1.010681061,0.01,14
PCRpool2P1,Diuraphis_noxia,1078,0.651623316,0.01,14
PCRpool2P1,Drosophila_hydeii,2137,1.29176162,0.01,14
PCRpool2P1,Drosophila_melanogaster,11063,6.68729939,0.1,14
PCRpool2P1,Drosophila_simulans,31686,19.15337327,0.01,14
PCRpool2P1,Lysiphlebus_testaceipes,0,0,0,14
PCRpool2P1,Metopolophium_dirhodum,1214,0.733831823,0.01,14
PCRpool2P1,Psyllid_sp,3130,1.892004618,0.01,14
PCRpool2P1,Rhopalosiphum_padi,1891,1.143060937,0.01,14
PCRpool2P1,Scaptodrosophila_lativittata,2856,1.726378655,0.01,14
I3P1,Acizzia_alternata,104405,19.91728238,0.01,15
I3P1,Acizzia_solanicola,360755,68.82102584,0.5,15
I3P1,Aphidius_colemani,2204,0.420455824,0.06,15
I3P1,Bactrocera_tryoni,7493,1.429435342,0.01,15
I3P1,Bradysia_ocellaris,0,0,0,15
I3P1,Carpophilus_davidsoni,223,0.042541583,0.05,15
I3P1,Carpophilus_dimidiatus,175,0.03338465,0.01,15
I3P1,Diuraphis_noxia,94,0.017932326,0.01,15
I3P1,Drosophila_hydeii,231,0.044067738,0.01,15
I3P1,Drosophila_melanogaster,33523,6.395163613,0.25,15
I3P1,Drosophila_simulans,9183,1.751835679,0.01,15
I3P1,Lysiphlebus_testaceipes,271,0.051698516,0.04,15
I3P1,Metopolophium_dirhodum,128,0.024418487,0.01,15
I3P1,Psyllid_sp,554,0.105686264,0.01,15
I3P1,Rhopalosiphum_padi,4694,0.895471706,0.01,15
I3P1,Scaptodrosophila_lativittata,260,0.049600052,0.01,15
D3P1,Acizzia_alternata,8906,4.517120526,0.01,15
D3P1,Acizzia_solanicola,113008,57.31762367,0.5,15
D3P1,Aphidius_colemani,7740,3.925725676,0.06,15
D3P1,Bactrocera_tryoni,585,0.296711824,0.01,15
D3P1,Bradysia_ocellaris,0,0,0,15
D3P1,Carpophilus_davidsoni,560,0.284031832,0.05,15
D3P1,Carpophilus_dimidiatus,8481,4.301560653,0.01,15
D3P1,Diuraphis_noxia,17,0.008622395,0.01,15
D3P1,Drosophila_hydeii,420,0.213023874,0.01,15
D3P1,Drosophila_melanogaster,53017,26.89020648,0.25,15
D3P1,Drosophila_simulans,799,0.40525256,0.01,15
D3P1,Lysiphlebus_testaceipes,1082,0.548790075,0.04,15
D3P1,Metopolophium_dirhodum,38,0.019273589,0.01,15
D3P1,Psyllid_sp,1462,0.741525961,0.01,15
D3P1,Rhopalosiphum_padi,165,0.08368795,0.01,15
D3P1,Scaptodrosophila_lativittata,881,0.446842935,0.01,15
PCRpool3P1,Acizzia_alternata,653,0.498747403,0.01,15
PCRpool3P1,Acizzia_solanicola,66758,50.98832946,0.5,15
PCRpool3P1,Aphidius_colemani,11063,8.449682268,0.06,15
PCRpool3P1,Bactrocera_tryoni,583,0.445282904,0.01,15
PCRpool3P1,Bradysia_ocellaris,0,0,0,15
PCRpool3P1,Carpophilus_davidsoni,1973,1.506935109,0.05,15
PCRpool3P1,Carpophilus_dimidiatus,1058,0.808077722,0.01,15
PCRpool3P1,Diuraphis_noxia,667,0.509440303,0.01,15
PCRpool3P1,Drosophila_hydeii,1696,1.295368447,0.01,15
PCRpool3P1,Drosophila_melanogaster,19401,14.81806795,0.25,15
PCRpool3P1,Drosophila_simulans,17756,13.56165221,0.01,15
PCRpool3P1,Lysiphlebus_testaceipes,3942,3.010815104,0.04,15
PCRpool3P1,Metopolophium_dirhodum,715,0.546101674,0.01,15
PCRpool3P1,Psyllid_sp,1814,1.385494317,0.01,15
PCRpool3P1,Rhopalosiphum_padi,1015,0.775235244,0.01,15
PCRpool3P1,Scaptodrosophila_lativittata,1834,1.400769889,0.01,15
I4P1,Acizzia_alternata,11105,2.653727406,0.01,15
I4P1,Acizzia_solanicola,110447,26.39317702,0.05,15
I4P1,Aphidius_colemani,19030,4.547540075,0.12,15
I4P1,Bactrocera_tryoni,10174,2.431249223,0.01,15
I4P1,Bradysia_ocellaris,0,0,0,15
I4P1,Carpophilus_davidsoni,1579,0.377328732,0.1,15
I4P1,Carpophilus_dimidiatus,302,0.072168003,0.01,15
I4P1,Diuraphis_noxia,2210,0.528116845,0.01,15
I4P1,Drosophila_hydeii,1790,0.427750748,0.01,15
I4P1,Drosophila_melanogaster,232863,55.64654884,0.5,15
I4P1,Drosophila_simulans,6446,1.540380626,0.01,15
I4P1,Lysiphlebus_testaceipes,11505,2.749314165,0.13,15
I4P1,Metopolophium_dirhodum,2014,0.481279333,0.01,15
I4P1,Psyllid_sp,2459,0.587619603,0.01,15
I4P1,Rhopalosiphum_padi,5615,1.341799134,0.01,15
I4P1,Scaptodrosophila_lativittata,929,0.222000249,0.01,15
D4P1,Acizzia_alternata,12028,7.578315986,0.01,15
D4P1,Acizzia_solanicola,10981,6.918647143,0.05,15
D4P1,Aphidius_colemani,16840,10.61014643,0.12,15
D4P1,Bactrocera_tryoni,652,0.410796643,0.01,15
D4P1,Bradysia_ocellaris,0,0,0,15
D4P1,Carpophilus_davidsoni,1130,0.711963507,0.1,15
D4P1,Carpophilus_dimidiatus,8774,5.528113108,0.01,15
D4P1,Diuraphis_noxia,19,0.011971068,0.01,15
D4P1,Drosophila_hydeii,479,0.30179692,0.01,15
D4P1,Drosophila_melanogaster,100988,63.62811563,0.5,15
D4P1,Drosophila_simulans,705,0.444189622,0.01,15
D4P1,Lysiphlebus_testaceipes,3625,2.283953729,0.13,15
D4P1,Metopolophium_dirhodum,27,0.017011517,0.01,15
D4P1,Psyllid_sp,1438,0.906020817,0.01,15
D4P1,Rhopalosiphum_padi,144,0.090728093,0.01,15
D4P1,Scaptodrosophila_lativittata,886,0.558229794,0.01,15
PCRpool4P1,Acizzia_alternata,1204,0.738718287,0.01,15
PCRpool4P1,Acizzia_solanicola,9894,6.070497285,0.05,15
PCRpool4P1,Aphidius_colemani,35269,21.63941467,0.12,15
PCRpool4P1,Bactrocera_tryoni,1023,0.627665123,0.01,15
PCRpool4P1,Bradysia_ocellaris,0,0,0,15
PCRpool4P1,Carpophilus_davidsoni,5508,3.379452097,0.1,15
PCRpool4P1,Carpophilus_dimidiatus,1516,0.930146946,0.01,15
PCRpool4P1,Diuraphis_noxia,986,0.604963647,0.01,15
PCRpool4P1,Drosophila_hydeii,2046,1.255330245,0.01,15
PCRpool4P1,Drosophila_melanogaster,52265,32.06736816,0.5,15
PCRpool4P1,Drosophila_simulans,27493,16.86842347,0.01,15
PCRpool4P1,Lysiphlebus_testaceipes,18066,11.08445562,0.13,15
PCRpool4P1,Metopolophium_dirhodum,1083,0.664478326,0.01,15
PCRpool4P1,Psyllid_sp,2436,1.494616069,0.01,15
PCRpool4P1,Rhopalosiphum_padi,1679,1.030156149,0.01,15
PCRpool4P1,Scaptodrosophila_lativittata,2517,1.544313894,0.01,15
I5P1,Acizzia_alternata,60423,12.03079827,0.00990099,16
I5P1,Acizzia_solanicola,352027,70.0919488,0.099009901,16
I5P1,Aphidius_colemani,17209,3.426476796,0.356435644,16
I5P1,Bactrocera_tryoni,45183,8.996368241,0.00990099,16
I5P1,Bradysia_ocellaris,913,0.181787048,0.00990099,16
I5P1,Carpophilus_davidsoni,5253,1.045922634,0.247524752,16
I5P1,Carpophilus_dimidiatus,463,0.092187736,0.00990099,16
I5P1,Diuraphis_noxia,217,0.043206779,0.00990099,16
I5P1,Drosophila_hydeii,404,0.080440271,0.00990099,16
I5P1,Drosophila_melanogaster,7480,1.489339673,0.04950495,16
I5P1,Drosophila_simulans,1031,0.205281979,0.00990099,16
I5P1,Lysiphlebus_testaceipes,4673,0.930439076,0.138613861,16
I5P1,Metopolophium_dirhodum,423,0.084223353,0.00990099,16
I5P1,Psyllid_sp,2527,0.503149914,0.00990099,16
I5P1,Rhopalosiphum_padi,3302,0.65745984,0.00990099,16
I5P1,Scaptodrosophila_lativittata,708,0.140969584,0.00990099,16
D5P1,Acizzia_alternata,13370,7.780131279,0.00990099,16
D5P1,Acizzia_solanicola,32116,18.68860854,0.099009901,16
D5P1,Aphidius_colemani,82201,47.83355058,0.356435644,16
D5P1,Bactrocera_tryoni,890,0.517899539,0.00990099,16
D5P1,Bradysia_ocellaris,543,0.31597691,0.00990099,16
D5P1,Carpophilus_davidsoni,4694,2.731483637,0.247524752,16
D5P1,Carpophilus_dimidiatus,12383,7.205786509,0.00990099,16
D5P1,Diuraphis_noxia,29,0.016875378,0.00990099,16
D5P1,Drosophila_hydeii,634,0.368930683,0.00990099,16
D5P1,Drosophila_melanogaster,13740,7.995437829,0.04950495,16
D5P1,Drosophila_simulans,1169,0.680252316,0.00990099,16
D5P1,Lysiphlebus_testaceipes,6084,3.540337973,0.138613861,16
D5P1,Metopolophium_dirhodum,50,0.02909548,0.00990099,16
D5P1,Psyllid_sp,2156,1.254597086,0.00990099,16
D5P1,Rhopalosiphum_padi,264,0.153624133,0.00990099,16
D5P1,Scaptodrosophila_lativittata,1525,0.887412132,0.00990099,16
PCRpool5P1,Acizzia_alternata,1082,0.550871619,0.00990099,16
PCRpool5P1,Acizzia_solanicola,18671,9.505844738,0.099009901,16
PCRpool5P1,Aphidius_colemani,96013,48.88247393,0.356435644,16
PCRpool5P1,Bactrocera_tryoni,867,0.441410068,0.00990099,16
PCRpool5P1,Bradysia_ocellaris,1389,0.707172532,0.00990099,16
PCRpool5P1,Carpophilus_davidsoni,16000,8.145975888,0.247524752,16
PCRpool5P1,Carpophilus_dimidiatus,1646,0.838017269,0.00990099,16
PCRpool5P1,Diuraphis_noxia,835,0.425118117,0.00990099,16
PCRpool5P1,Drosophila_hydeii,2092,1.065086347,0.00990099,16
PCRpool5P1,Drosophila_melanogaster,5122,2.607730531,0.04950495,16
PCRpool5P1,Drosophila_simulans,25998,13.23619257,0.00990099,16
PCRpool5P1,Lysiphlebus_testaceipes,18551,9.444749919,0.138613861,16
PCRpool5P1,Metopolophium_dirhodum,1011,0.514723851,0.00990099,16
PCRpool5P1,Psyllid_sp,2666,1.357323232,0.00990099,16
PCRpool5P1,Rhopalosiphum_padi,1680,0.855327468,0.00990099,16
PCRpool5P1,Scaptodrosophila_lativittata,2793,1.421981916,0.00990099,16
I6P1,Acizzia_alternata,2567,0.491431066,0.01,15
I6P1,Acizzia_solanicola,470631,90.09843937,0.25,15
I6P1,Aphidius_colemani,1967,0.376565994,0.04,15
I6P1,Bactrocera_tryoni,16356,3.131221858,0.01,15
I6P1,Bradysia_ocellaris,0,0,0,15
I6P1,Carpophilus_davidsoni,2960,0.566667688,0.5,15
I6P1,Carpophilus_dimidiatus,638,0.12213986,0.01,15
I6P1,Diuraphis_noxia,706,0.135157901,0.01,15
I6P1,Drosophila_hydeii,1534,0.2936717,0.01,15
I6P1,Drosophila_melanogaster,14034,2.68669403,0.1,15
I6P1,Drosophila_simulans,1619,0.309944252,0.01,15
I6P1,Lysiphlebus_testaceipes,351,0.067196067,0.01,15
I6P1,Metopolophium_dirhodum,90,0.017229761,0.01,15
I6P1,Psyllid_sp,5206,0.99664594,0.01,15
I6P1,Rhopalosiphum_padi,2257,0.432084112,0.01,15
I6P1,Scaptodrosophila_lativittata,1436,0.274910405,0.01,15
D6P1,Acizzia_alternata,11426,9.298124263,0.01,15
D6P1,Acizzia_solanicola,65016,52.90800342,0.25,15
D6P1,Aphidius_colemani,6047,4.920860968,0.04,15
D6P1,Bactrocera_tryoni,1106,0.900028482,0.01,15
D6P1,Bradysia_ocellaris,0,0,0,15
D6P1,Carpophilus_davidsoni,5929,4.824836229,0.5,15
D6P1,Carpophilus_dimidiatus,8322,6.772185377,0.01,15
D6P1,Diuraphis_noxia,25,0.020344224,0.01,15
D6P1,Drosophila_hydeii,444,0.361313423,0.01,15
D6P1,Drosophila_melanogaster,19943,16.22899459,0.1,15
D6P1,Drosophila_simulans,898,0.730764536,0.01,15
D6P1,Lysiphlebus_testaceipes,248,0.201814705,0.01,15
D6P1,Metopolophium_dirhodum,48,0.039060911,0.01,15
D6P1,Psyllid_sp,1553,1.263783212,0.01,15
D6P1,Rhopalosiphum_padi,230,0.187166863,0.01,15
D6P1,Scaptodrosophila_lativittata,1650,1.342718802,0.01,15
PCRpool6P1,Acizzia_alternata,1348,0.801484054,0.01,15
PCRpool6P1,Acizzia_solanicola,60770,36.13218541,0.25,15
PCRpool6P1,Aphidius_colemani,12121,7.206816182,0.04,15
PCRpool6P1,Bactrocera_tryoni,1129,0.671272623,0.01,15
PCRpool6P1,Bradysia_ocellaris,0,0,0,15
PCRpool6P1,Carpophilus_davidsoni,33693,20.03293933,0.5,15
PCRpool6P1,Carpophilus_dimidiatus,1921,1.142174234,0.01,15
PCRpool6P1,Diuraphis_noxia,1058,0.629057959,0.01,15
PCRpool6P1,Drosophila_hydeii,2238,1.330653792,0.01,15
PCRpool6P1,Drosophila_melanogaster,11455,6.810830737,0.1,15
PCRpool6P1,Drosophila_simulans,31378,18.65650344,0.01,15
PCRpool6P1,Lysiphlebus_testaceipes,1540,0.91564202,0.01,15
PCRpool6P1,Metopolophium_dirhodum,1269,0.754512807,0.01,15
PCRpool6P1,Psyllid_sp,2897,1.722477228,0.01,15
PCRpool6P1,Rhopalosiphum_padi,2353,1.399029657,0.01,15
PCRpool6P1,Scaptodrosophila_lativittata,3018,1.794420529,0.01,15
I7P1,Acizzia_alternata,2107,0.39086123,0.00990099,16
I7P1,Acizzia_solanicola,488871,90.68852423,0.495049505,16
I7P1,Aphidius_colemani,3583,0.664668148,0.089108911,16
I7P1,Bactrocera_tryoni,5687,1.05497286,0.00990099,16
I7P1,Bradysia_ocellaris,20,0.003710121,0.00990099,16
I7P1,Carpophilus_davidsoni,77,0.014283965,0.04950495,16
I7P1,Carpophilus_dimidiatus,48,0.00890429,0.00990099,16
I7P1,Diuraphis_noxia,45,0.008347772,0.00990099,16
I7P1,Drosophila_hydeii,2027,0.376020747,0.00990099,16
I7P1,Drosophila_melanogaster,32029,5.941573017,0.247524752,16
I7P1,Drosophila_simulans,142,0.026341858,0.00990099,16
I7P1,Lysiphlebus_testaceipes,34,0.006307205,0.00990099,16
I7P1,Metopolophium_dirhodum,148,0.027454894,0.00990099,16
I7P1,Psyllid_sp,3749,0.695462151,0.00990099,16
I7P1,Rhopalosiphum_padi,449,0.083292213,0.00990099,16
I7P1,Scaptodrosophila_lativittata,50,0.009275302,0.00990099,16
D7P1,Acizzia_alternata,15264,7.593576503,0.00990099,16
D7P1,Acizzia_solanicola,108246,53.85051639,0.495049505,16
D7P1,Aphidius_colemani,11312,5.627524725,0.089108911,16
D7P1,Bactrocera_tryoni,863,0.429327602,0.00990099,16
D7P1,Bradysia_ocellaris,526,0.26167592,0.00990099,16
D7P1,Carpophilus_davidsoni,533,0.265158299,0.04950495,16
D7P1,Carpophilus_dimidiatus,7770,3.865440869,0.00990099,16
D7P1,Diuraphis_noxia,23,0.011442103,0.00990099,16
D7P1,Drosophila_hydeii,393,0.195510716,0.00990099,16
D7P1,Drosophila_melanogaster,52726,26.23027481,0.247524752,16
D7P1,Drosophila_simulans,662,0.329333572,0.00990099,16
D7P1,Lysiphlebus_testaceipes,318,0.15819951,0.00990099,16
D7P1,Metopolophium_dirhodum,24,0.011939586,0.00990099,16
D7P1,Psyllid_sp,1330,0.661652041,0.00990099,16
D7P1,Rhopalosiphum_padi,165,0.082084652,0.00990099,16
D7P1,Scaptodrosophila_lativittata,857,0.426342706,0.00990099,16
PCRpool7P1,Acizzia_alternata,1065,0.682530425,0.00990099,16
PCRpool7P1,Acizzia_solanicola,77726,49.81254446,0.495049505,16
PCRpool7P1,Aphidius_colemani,18157,11.63634266,0.089108911,16
PCRpool7P1,Bactrocera_tryoni,764,0.48962746,0.00990099,16
PCRpool7P1,Bradysia_ocellaris,1028,0.658818101,0.00990099,16
PCRpool7P1,Carpophilus_davidsoni,2370,1.518870524,0.04950495,16
PCRpool7P1,Carpophilus_dimidiatus,1276,0.817754763,0.00990099,16
PCRpool7P1,Diuraphis_noxia,733,0.469760377,0.00990099,16
PCRpool7P1,Drosophila_hydeii,1621,1.038856169,0.00990099,16
PCRpool7P1,Drosophila_melanogaster,22851,14.64460352,0.247524752,16
PCRpool7P1,Drosophila_simulans,22385,14.34595641,0.00990099,16
PCRpool7P1,Lysiphlebus_testaceipes,0,0,0.00990099,16
PCRpool7P1,Metopolophium_dirhodum,833,0.533847741,0.00990099,16
PCRpool7P1,Psyllid_sp,1812,1.161263034,0.00990099,16
PCRpool7P1,Rhopalosiphum_padi,1353,0.867102033,0.00990099,16
PCRpool7P1,Scaptodrosophila_lativittata,2063,1.322122317,0.00990099,16
I8P1,Acizzia_alternata,138424,23.29750672,0.01,15
I8P1,Acizzia_solanicola,225881,38.01699211,0.05,15
I8P1,Aphidius_colemani,4757,0.800628789,0.2,15
I8P1,Bactrocera_tryoni,41034,6.906243794,0.01,15
I8P1,Bradysia_ocellaris,0,0,0,15
I8P1,Carpophilus_davidsoni,724,0.12185311,0.1,15
I8P1,Carpophilus_dimidiatus,1759,0.296049199,0.01,15
I8P1,Diuraphis_noxia,296,0.049818398,0.01,15
I8P1,Drosophila_hydeii,6069,1.021445474,0.01,15
I8P1,Drosophila_melanogaster,159702,26.87870903,0.5,15
I8P1,Drosophila_simulans,2831,0.476472588,0.01,15
I8P1,Lysiphlebus_testaceipes,428,0.072034711,0.05,15
I8P1,Metopolophium_dirhodum,2467,0.415209422,0.01,15
I8P1,Psyllid_sp,6510,1.095668156,0.01,15
I8P1,Rhopalosiphum_padi,2812,0.473274785,0.01,15
I8P1,Scaptodrosophila_lativittata,464,0.078093706,0.01,15
D8P1,Acizzia_alternata,8597,5.688028477,0.01,15
D8P1,Acizzia_solanicola,10148,6.714215771,0.05,15
D8P1,Aphidius_colemani,25940,17.16266822,0.2,15
D8P1,Bactrocera_tryoni,798,0.52798031,0.01,15
D8P1,Bradysia_ocellaris,0,0,0,15
D8P1,Carpophilus_davidsoni,1035,0.684786492,0.1,15
D8P1,Carpophilus_dimidiatus,7552,4.99662569,0.01,15
D8P1,Diuraphis_noxia,22,0.014555848,0.01,15
D8P1,Drosophila_hydeii,452,0.299056516,0.01,15
D8P1,Drosophila_melanogaster,92195,60.99892816,0.5,15
D8P1,Drosophila_simulans,777,0.514086091,0.01,15
D8P1,Lysiphlebus_testaceipes,1270,0.840269416,0.05,15
D8P1,Metopolophium_dirhodum,36,0.023818661,0.01,15
D8P1,Psyllid_sp,1279,0.846224081,0.01,15
D8P1,Rhopalosiphum_padi,185,0.12240145,0.01,15
D8P1,Scaptodrosophila_lativittata,856,0.566354819,0.01,15
PCRpool8P1,Acizzia_alternata,1947,1.001723561,0.01,15
PCRpool8P1,Acizzia_solanicola,10364,5.332235742,0.05,15
PCRpool8P1,Aphidius_colemani,59831,30.78280555,0.2,15
PCRpool8P1,Bactrocera_tryoni,973,0.500604533,0.01,15
PCRpool8P1,Bradysia_ocellaris,0,0,0,15
PCRpool8P1,Carpophilus_davidsoni,6360,3.272194068,0.1,15
PCRpool8P1,Carpophilus_dimidiatus,1956,1.006354025,0.01,15
PCRpool8P1,Diuraphis_noxia,1065,0.547938158,0.01,15
PCRpool8P1,Drosophila_hydeii,2251,1.158130322,0.01,15
PCRpool8P1,Drosophila_melanogaster,61216,31.4953824,0.5,15
PCRpool8P1,Drosophila_simulans,31460,16.18604173,0.01,15
PCRpool8P1,Lysiphlebus_testaceipes,7836,4.03159005,0.05,15
PCRpool8P1,Metopolophium_dirhodum,1288,0.662670748,0.01,15
PCRpool8P1,Psyllid_sp,2932,1.508502045,0.01,15
PCRpool8P1,Rhopalosiphum_padi,1855,0.954389936,0.01,15
PCRpool8P1,Scaptodrosophila_lativittata,3031,1.559437141,0.01,15
I1P2,Acizzia_alternata,276614,63.7825324,0.01,15
I1P2,Acizzia_solanicola,98450,22.70091288,0.1,15
I1P2,Aphidius_colemani,5261,1.213098046,0.36,15
I1P2,Bactrocera_tryoni,9883,2.278853448,0.01,15
I1P2,Bradysia_ocellaris,0,0,0,15
I1P2,Carpophilus_davidsoni,24347,5.614008389,0.25,15
I1P2,Carpophilus_dimidiatus,160,0.036893307,0.01,15
I1P2,Diuraphis_noxia,450,0.103762426,0.01,15
I1P2,Drosophila_hydeii,270,0.062257455,0.01,15
I1P2,Drosophila_melanogaster,2370,0.546482108,0.05,15
I1P2,Drosophila_simulans,616,0.142039231,0.01,15
I1P2,Lysiphlebus_testaceipes,1773,0.408823957,0.14,15
I1P2,Metopolophium_dirhodum,85,0.019599569,0.01,15
I1P2,Psyllid_sp,12181,2.808733568,0.01,15
I1P2,Rhopalosiphum_padi,1166,0.268859974,0.01,15
I1P2,Scaptodrosophila_lativittata,57,0.013143241,0.01,15
D1P2,Acizzia_alternata,12771,9.410022326,0.01,15
D1P2,Acizzia_solanicola,27560,20.30696228,0.1,15
D1P2,Aphidius_colemani,40449,29.80393024,0.36,15
D1P2,Bactrocera_tryoni,1180,0.869456295,0.01,15
D1P2,Bradysia_ocellaris,0,0,0,15
D1P2,Carpophilus_davidsoni,23112,17.02955415,0.25,15
D1P2,Carpophilus_dimidiatus,7229,5.326525048,0.01,15
D1P2,Diuraphis_noxia,38,0.02799944,0.01,15
D1P2,Drosophila_hydeii,1119,0.824509826,0.01,15
D1P2,Drosophila_melanogaster,3990,2.939941201,0.05,15
D1P2,Drosophila_simulans,655,0.482621927,0.01,15
D1P2,Lysiphlebus_testaceipes,4999,3.683400016,0.14,15
D1P2,Metopolophium_dirhodum,121,0.089156112,0.01,15
D1P2,Psyllid_sp,10751,7.921631041,0.01,15
D1P2,Rhopalosiphum_padi,693,0.510621367,0.01,15
D1P2,Scaptodrosophila_lativittata,1050,0.773668737,0.01,15
PCRpool1P2,Acizzia_alternata,1798,1.334303016,0.01,15
PCRpool1P2,Acizzia_solanicola,14333,10.63657682,0.1,15
PCRpool1P2,Aphidius_colemani,55676,41.31738304,0.36,15
PCRpool1P2,Bactrocera_tryoni,1882,1.396639753,0.01,15
PCRpool1P2,Bradysia_ocellaris,0,0,0,15
PCRpool1P2,Carpophilus_davidsoni,29470,21.86980527,0.25,15
PCRpool1P2,Carpophilus_dimidiatus,1203,0.892751128,0.01,15
PCRpool1P2,Diuraphis_noxia,787,0.584035858,0.01,15
PCRpool1P2,Drosophila_hydeii,1639,1.216308478,0.01,15
PCRpool1P2,Drosophila_melanogaster,7427,5.511606507,0.05,15
PCRpool1P2,Drosophila_simulans,2860,2.122417478,0.01,15
PCRpool1P2,Lysiphlebus_testaceipes,9944,7.379482308,0.14,15
PCRpool1P2,Metopolophium_dirhodum,1008,0.748040845,0.01,15
PCRpool1P2,Psyllid_sp,3664,2.719069105,0.01,15
PCRpool1P2,Rhopalosiphum_padi,1648,1.222987414,0.01,15
PCRpool1P2,Scaptodrosophila_lativittata,1413,1.048592971,0.01,15
I2P2,Acizzia_alternata,18862,2.779177533,0.01,14
I2P2,Acizzia_solanicola,588644,86.7323815,0.25,14
I2P2,Aphidius_colemani,519,0.076470848,0.05,14
I2P2,Bactrocera_tryoni,1503,0.22145604,0.01,14
I2P2,Bradysia_ocellaris,0,0,0,14
I2P2,Carpophilus_davidsoni,41240,6.076411911,0.5,14
I2P2,Carpophilus_dimidiatus,12876,1.897184281,0.01,14
I2P2,Diuraphis_noxia,204,0.030057906,0.01,14
I2P2,Drosophila_hydeii,985,0.145132535,0.01,14
I2P2,Drosophila_melanogaster,1938,0.285550104,0.1,14
I2P2,Drosophila_simulans,2225,0.327837452,0.01,14
I2P2,Lysiphlebus_testaceipes,0,0,0,14
I2P2,Metopolophium_dirhodum,416,0.061294553,0.01,14
I2P2,Psyllid_sp,7663,1.129086917,0.01,14
I2P2,Rhopalosiphum_padi,1240,0.182704917,0.01,14
I2P2,Scaptodrosophila_lativittata,375,0.055253503,0.01,14
D2P2,Acizzia_alternata,11123,7.5013488,0.01,14
D2P2,Acizzia_solanicola,68223,46.00957648,0.25,14
D2P2,Aphidius_colemani,5102,3.440787699,0.05,14
D2P2,Bactrocera_tryoni,1299,0.87604532,0.01,14
D2P2,Bradysia_ocellaris,0,0,0,14
D2P2,Carpophilus_davidsoni,36766,24.79498247,0.5,14
D2P2,Carpophilus_dimidiatus,6428,4.335041813,0.01,14
D2P2,Diuraphis_noxia,70,0.047207985,0.01,14
D2P2,Drosophila_hydeii,909,0.613029404,0.01,14
D2P2,Drosophila_melanogaster,7202,4.857027246,0.1,14
D2P2,Drosophila_simulans,523,0.352711087,0.01,14
D2P2,Lysiphlebus_testaceipes,0,0,0,14
D2P2,Metopolophium_dirhodum,102,0.068788778,0.01,14
D2P2,Psyllid_sp,9032,6.091178851,0.01,14
D2P2,Rhopalosiphum_padi,604,0.40733747,0.01,14
D2P2,Scaptodrosophila_lativittata,897,0.604936606,0.01,14
PCRpool2P2,Acizzia_alternata,1214,1.068803099,0.01,14
PCRpool2P2,Acizzia_solanicola,32273,28.41308271,0.25,14
PCRpool2P2,Aphidius_colemani,6969,6.135493243,0.05,14
PCRpool2P2,Bactrocera_tryoni,1674,1.473786151,0.01,14
PCRpool2P2,Bradysia_ocellaris,0,0,0,14
PCRpool2P2,Carpophilus_davidsoni,47453,41.77752344,0.5,14
PCRpool2P2,Carpophilus_dimidiatus,1017,0.895364705,0.01,14
PCRpool2P2,Diuraphis_noxia,644,0.566976273,0.01,14
PCRpool2P2,Drosophila_hydeii,1086,0.956112163,0.01,14
PCRpool2P2,Drosophila_melanogaster,12941,11.39322974,0.1,14
PCRpool2P2,Drosophila_simulans,2349,2.068054761,0.01,14
PCRpool2P2,Lysiphlebus_testaceipes,0,0,0,14
PCRpool2P2,Metopolophium_dirhodum,732,0.644451292,0.01,14
PCRpool2P2,Psyllid_sp,2880,2.535546067,0.01,14
PCRpool2P2,Rhopalosiphum_padi,1279,1.126028965,0.01,14
PCRpool2P2,Scaptodrosophila_lativittata,1074,0.945547387,0.01,14
I3P2,Acizzia_alternata,77534,14.67204847,0.01,15
I3P2,Acizzia_solanicola,407500,77.11274735,0.5,15
I3P2,Aphidius_colemani,2960,0.560131858,0.06,15
I3P2,Bactrocera_tryoni,6224,1.177790772,0.01,15
I3P2,Bradysia_ocellaris,0,0,0,15
I3P2,Carpophilus_davidsoni,1369,0.259060984,0.05,15
I3P2,Carpophilus_dimidiatus,83,0.0157064,0.01,15
I3P2,Diuraphis_noxia,174,0.03292667,0.01,15
I3P2,Drosophila_hydeii,356,0.06736721,0.01,15
I3P2,Drosophila_melanogaster,11625,2.199842179,0.25,15
I3P2,Drosophila_simulans,4253,0.804811078,0.01,15
I3P2,Lysiphlebus_testaceipes,581,0.109944801,0.04,15
I3P2,Metopolophium_dirhodum,354,0.066988742,0.01,15
I3P2,Psyllid_sp,3018,0.571107415,0.01,15
I3P2,Rhopalosiphum_padi,12246,2.317356329,0.01,15
I3P2,Scaptodrosophila_lativittata,170,0.032169735,0.01,15
D3P2,Acizzia_alternata,9814,5.987176437,0.01,15
D3P2,Acizzia_solanicola,109001,66.4976787,0.5,15
D3P2,Aphidius_colemani,5551,3.386469982,0.06,15
D3P2,Bactrocera_tryoni,1025,0.625316471,0.01,15
D3P2,Bradysia_ocellaris,0,0,0,15
D3P2,Carpophilus_davidsoni,3458,2.109604251,0.05,15
D3P2,Carpophilus_dimidiatus,6096,3.718955325,0.01,15
D3P2,Diuraphis_noxia,28,0.017081816,0.01,15
D3P2,Drosophila_hydeii,839,0.511844409,0.01,15
D3P2,Drosophila_melanogaster,16955,10.34364953,0.25,15
D3P2,Drosophila_simulans,460,0.280629831,0.01,15
D3P2,Lysiphlebus_testaceipes,1154,0.704014837,0.04,15
D3P2,Metopolophium_dirhodum,103,0.06283668,0.01,15
D3P2,Psyllid_sp,8164,4.980569435,0.01,15
D3P2,Rhopalosiphum_padi,502,0.306252555,0.01,15
D3P2,Scaptodrosophila_lativittata,767,0.46791974,0.01,15
PCRpool3P2,Acizzia_alternata,1711,0.983604673,0.01,15
PCRpool3P2,Acizzia_solanicola,82002,47.14059051,0.5,15
PCRpool3P2,Aphidius_colemani,11785,6.774857432,0.06,15
PCRpool3P2,Bactrocera_tryoni,2158,1.240572112,0.01,15
PCRpool3P2,Bradysia_ocellaris,0,0,0,15
PCRpool3P2,Carpophilus_davidsoni,6475,3.722291207,0.05,15
PCRpool3P2,Carpophilus_dimidiatus,1501,0.862881714,0.01,15
PCRpool3P2,Diuraphis_noxia,769,0.442075975,0.01,15
PCRpool3P2,Drosophila_hydeii,1662,0.955435982,0.01,15
PCRpool3P2,Drosophila_melanogaster,50600,29.08848418,0.25,15
PCRpool3P2,Drosophila_simulans,2999,1.724038815,0.01,15
PCRpool3P2,Lysiphlebus_testaceipes,3222,1.852235099,0.04,15
PCRpool3P2,Metopolophium_dirhodum,1160,0.666850625,0.01,15
PCRpool3P2,Psyllid_sp,4121,2.369044334,0.01,15
PCRpool3P2,Rhopalosiphum_padi,1885,1.083632266,0.01,15
PCRpool3P2,Scaptodrosophila_lativittata,1902,1.093405077,0.01,15
I4P2,Acizzia_alternata,11286,2.639962948,0.01,15
I4P2,Acizzia_solanicola,171308,40.07148438,0.05,15
I4P2,Aphidius_colemani,23108,5.405304253,0.12,15
I4P2,Bactrocera_tryoni,21997,5.14542486,0.01,15
I4P2,Bradysia_ocellaris,0,0,0,15
I4P2,Carpophilus_davidsoni,17121,4.004856072,0.1,15
I4P2,Carpophilus_dimidiatus,31,0.00725136,0.01,15
I4P2,Diuraphis_noxia,4167,0.974723162,0.01,15
I4P2,Drosophila_hydeii,4630,1.083025735,0.01,15
I4P2,Drosophila_melanogaster,102290,23.92714956,0.5,15
I4P2,Drosophila_simulans,5293,1.238111278,0.01,15
I4P2,Lysiphlebus_testaceipes,13802,3.2284927,0.13,15
I4P2,Metopolophium_dirhodum,8737,2.043714006,0.01,15
I4P2,Psyllid_sp,23472,5.490449257,0.01,15
I4P2,Rhopalosiphum_padi,19667,4.600403269,0.01,15
I4P2,Scaptodrosophila_lativittata,597,0.139647163,0.01,15
D4P2,Acizzia_alternata,20272,13.32781076,0.01,15
D4P2,Acizzia_solanicola,18331,12.05170181,0.05,15
D4P2,Aphidius_colemani,18415,12.10692754,0.12,15
D4P2,Bactrocera_tryoni,1483,0.974997206,0.01,15
D4P2,Bradysia_ocellaris,0,0,0,15
D4P2,Carpophilus_davidsoni,10246,6.736224795,0.1,15
D4P2,Carpophilus_dimidiatus,9382,6.168188662,0.01,15
D4P2,Diuraphis_noxia,53,0.034844809,0.01,15
D4P2,Drosophila_hydeii,1474,0.969080163,0.01,15
D4P2,Drosophila_melanogaster,50596,33.26430116,0.5,15
D4P2,Drosophila_simulans,682,0.448380374,0.01,15
D4P2,Lysiphlebus_testaceipes,5694,3.743515907,0.13,15
D4P2,Metopolophium_dirhodum,187,0.122943006,0.01,15
D4P2,Psyllid_sp,13181,8.665838281,0.01,15
D4P2,Rhopalosiphum_padi,817,0.53713602,0.01,15
D4P2,Scaptodrosophila_lativittata,1290,0.848109505,0.01,15
PCRpool4P2,Acizzia_alternata,1597,0.964418571,0.01,15
PCRpool4P2,Acizzia_solanicola,8140,4.91569641,0.05,15
PCRpool4P2,Aphidius_colemani,23667,14.29235712,0.12,15
PCRpool4P2,Bactrocera_tryoni,2205,1.331586067,0.01,15
PCRpool4P2,Bradysia_ocellaris,0,0,0,15
PCRpool4P2,Carpophilus_davidsoni,12895,7.787211943,0.1,15
PCRpool4P2,Carpophilus_dimidiatus,1377,0.831561911,0.01,15
PCRpool4P2,Diuraphis_noxia,789,0.476472293,0.01,15
PCRpool4P2,Drosophila_hydeii,1737,1.048963718,0.01,15
PCRpool4P2,Drosophila_melanogaster,90865,54.87281994,0.5,15
PCRpool4P2,Drosophila_simulans,3089,1.865428282,0.01,15
PCRpool4P2,Lysiphlebus_testaceipes,10342,6.245470796,0.13,15
PCRpool4P2,Metopolophium_dirhodum,1010,0.609932847,0.01,15
PCRpool4P2,Psyllid_sp,4288,2.589497077,0.01,15
PCRpool4P2,Rhopalosiphum_padi,1900,1.147398425,0.01,15
PCRpool4P2,Scaptodrosophila_lativittata,1691,1.021184598,0.01,15
I5P2,Acizzia_alternata,51187,10.06890691,0.00990099,16
I5P2,Acizzia_solanicola,348328,68.519003,0.099009901,16
I5P2,Aphidius_colemani,8994,1.769194303,0.356435644,16
I5P2,Bactrocera_tryoni,32648,6.422132042,0.00990099,16
I5P2,Bradysia_ocellaris,1525,0.299980132,0.00990099,16
I5P2,Carpophilus_davidsoni,37928,7.46075178,0.247524752,16
I5P2,Carpophilus_dimidiatus,310,0.060979568,0.00990099,16
I5P2,Diuraphis_noxia,198,0.03894824,0.00990099,16
I5P2,Drosophila_hydeii,642,0.126286718,0.00990099,16
I5P2,Drosophila_melanogaster,2725,0.536030073,0.04950495,16
I5P2,Drosophila_simulans,464,0.091272644,0.00990099,16
I5P2,Lysiphlebus_testaceipes,3583,0.70480578,0.138613861,16
I5P2,Metopolophium_dirhodum,760,0.149498296,0.00990099,16
I5P2,Psyllid_sp,12285,2.416561264,0.00990099,16
I5P2,Rhopalosiphum_padi,6305,1.240245728,0.00990099,16
I5P2,Scaptodrosophila_lativittata,485,0.095403518,0.00990099,16
D5P2,Acizzia_alternata,11732,8.613234074,0.00990099,16
D5P2,Acizzia_solanicola,27139,19.92452775,0.099009901,16
D5P2,Aphidius_colemani,42443,31.16020234,0.356435644,16
D5P2,Bactrocera_tryoni,1384,1.016085574,0.00990099,16
D5P2,Bradysia_ocellaris,1179,0.865581569,0.00990099,16
D5P2,Carpophilus_davidsoni,22412,16.45412565,0.247524752,16
D5P2,Carpophilus_dimidiatus,7798,5.725025512,0.00990099,16
D5P2,Diuraphis_noxia,24,0.017619981,0.00990099,16
D5P2,Drosophila_hydeii,980,0.71948256,0.00990099,16
D5P2,Drosophila_melanogaster,3692,2.71054042,0.04950495,16
D5P2,Drosophila_simulans,581,0.426550375,0.00990099,16
D5P2,Lysiphlebus_testaceipes,4669,3.427820482,0.138613861,16
D5P2,Metopolophium_dirhodum,114,0.08369491,0.00990099,16
D5P2,Psyllid_sp,10523,7.725627528,0.00990099,16
D5P2,Rhopalosiphum_padi,522,0.383234588,0.00990099,16
D5P2,Scaptodrosophila_lativittata,1017,0.746646697,0.00990099,16
PCRpool5P2,Acizzia_alternata,1544,0.858230733,0.00990099,16
PCRpool5P2,Acizzia_solanicola,16978,9.437202968,0.099009901,16
PCRpool5P2,Aphidius_colemani,78707,43.74920097,0.356435644,16
PCRpool5P2,Bactrocera_tryoni,2178,1.210638948,0.00990099,16
PCRpool5P2,Bradysia_ocellaris,1367,0.759845474,0.00990099,16
PCRpool5P2,Carpophilus_davidsoni,39015,21.68644562,0.247524752,16
PCRpool5P2,Carpophilus_dimidiatus,1696,0.942719769,0.00990099,16
PCRpool5P2,Diuraphis_noxia,876,0.486923654,0.00990099,16
PCRpool5P2,Drosophila_hydeii,1966,1.092798977,0.00990099,16
PCRpool5P2,Drosophila_melanogaster,9645,5.361162836,0.04950495,16
PCRpool5P2,Drosophila_simulans,3550,1.973263667,0.00990099,16
PCRpool5P2,Lysiphlebus_testaceipes,11739,6.525110475,0.138613861,16
PCRpool5P2,Metopolophium_dirhodum,1178,0.654790028,0.00990099,16
PCRpool5P2,Psyllid_sp,5696,3.16611545,0.00990099,16
PCRpool5P2,Rhopalosiphum_padi,1942,1.079458603,0.00990099,16
PCRpool5P2,Scaptodrosophila_lativittata,1828,1.016091826,0.00990099,16
I6P2,Acizzia_alternata,2302,0.424862778,0.01,15
I6P2,Acizzia_solanicola,456632,84.27712422,0.25,15
I6P2,Aphidius_colemani,1106,0.204126078,0.04,15
I6P2,Bactrocera_tryoni,21907,4.043209763,0.01,15
I6P2,Bradysia_ocellaris,0,0,0,15
I6P2,Carpophilus_davidsoni,18889,3.486200265,0.5,15
I6P2,Carpophilus_dimidiatus,423,0.07806992,0.01,15
I6P2,Diuraphis_noxia,977,0.180317521,0.01,15
I6P2,Drosophila_hydeii,2691,0.496657574,0.01,15
I6P2,Drosophila_melanogaster,5506,1.016200893,0.1,15
I6P2,Drosophila_simulans,751,0.138606406,0.01,15
I6P2,Lysiphlebus_testaceipes,272,0.050200989,0.01,15
I6P2,Metopolophium_dirhodum,173,0.031929305,0.01,15
I6P2,Psyllid_sp,24961,4.606863509,0.01,15
I6P2,Rhopalosiphum_padi,4319,0.797125255,0.01,15
I6P2,Scaptodrosophila_lativittata,913,0.168505524,0.01,15
D6P2,Acizzia_alternata,11077,7.993274594,0.01,15
D6P2,Acizzia_solanicola,61064,44.06439648,0.25,15
D6P2,Aphidius_colemani,3516,2.537180958,0.04,15
D6P2,Bactrocera_tryoni,1725,1.244777347,0.01,15
D6P2,Bradysia_ocellaris,0,0,0,15
D6P2,Carpophilus_davidsoni,37540,27.08924152,0.5,15
D6P2,Carpophilus_dimidiatus,6186,4.463879809,0.01,15
D6P2,Diuraphis_noxia,22,0.015875421,0.01,15
D6P2,Drosophila_hydeii,785,0.566463894,0.01,15
D6P2,Drosophila_melanogaster,5881,4.243788741,0.1,15
D6P2,Drosophila_simulans,428,0.308849104,0.01,15
D6P2,Lysiphlebus_testaceipes,287,0.207102086,0.01,15
D6P2,Metopolophium_dirhodum,108,0.077933886,0.01,15
D6P2,Psyllid_sp,8444,6.093275316,0.01,15
D6P2,Rhopalosiphum_padi,396,0.285757582,0.01,15
D6P2,Scaptodrosophila_lativittata,1120,0.808203263,0.01,15
PCRpool6P2,Acizzia_alternata,2072,0.989782124,0.01,15
PCRpool6P2,Acizzia_solanicola,59552,28.44763756,0.25,15
PCRpool6P2,Aphidius_colemani,10209,4.876778813,0.04,15
PCRpool6P2,Bactrocera_tryoni,2723,1.300760967,0.01,15
PCRpool6P2,Bradysia_ocellaris,0,0,0,15
PCRpool6P2,Carpophilus_davidsoni,89374,42.69343027,0.5,15
PCRpool6P2,Carpophilus_dimidiatus,1917,0.915739542,0.01,15
PCRpool6P2,Diuraphis_noxia,1147,0.547915104,0.01,15
PCRpool6P2,Drosophila_hydeii,2179,1.04089539,0.01,15
PCRpool6P2,Drosophila_melanogaster,23469,11.21100225,0.1,15
PCRpool6P2,Drosophila_simulans,4299,2.053606829,0.01,15
PCRpool6P2,Lysiphlebus_testaceipes,1002,0.478649463,0.01,15
PCRpool6P2,Metopolophium_dirhodum,1243,0.593773735,0.01,15
PCRpool6P2,Psyllid_sp,5550,2.651202117,0.01,15
PCRpool6P2,Rhopalosiphum_padi,2446,1.168439708,0.01,15
PCRpool6P2,Scaptodrosophila_lativittata,2157,1.03038612,0.01,15
I7P2,Acizzia_alternata,2281,0.414535079,0.00990099,16
I7P2,Acizzia_solanicola,500599,90.9758203,0.495049505,16
I7P2,Aphidius_colemani,2901,0.527210112,0.089108911,16
I7P2,Bactrocera_tryoni,4422,0.803627409,0.00990099,16
I7P2,Bradysia_ocellaris,40,0.007269357,0.00990099,16
I7P2,Carpophilus_davidsoni,515,0.093592971,0.04950495,16
I7P2,Carpophilus_dimidiatus,42,0.007632825,0.00990099,16
I7P2,Diuraphis_noxia,56,0.0101771,0.00990099,16
I7P2,Drosophila_hydeii,3988,0.724754886,0.00990099,16
I7P2,Drosophila_melanogaster,13778,2.503929996,0.247524752,16
I7P2,Drosophila_simulans,102,0.01853686,0.00990099,16
I7P2,Lysiphlebus_testaceipes,34,0.006178953,0.00990099,16
I7P2,Metopolophium_dirhodum,434,0.078872523,0.00990099,16
I7P2,Psyllid_sp,19948,3.625228303,0.00990099,16
I7P2,Rhopalosiphum_padi,1075,0.195363968,0.00990099,16
I7P2,Scaptodrosophila_lativittata,40,0.007269357,0.00990099,16
D7P2,Acizzia_alternata,18187,9.383448561,0.00990099,16
D7P2,Acizzia_solanicola,122662,63.28655454,0.495049505,16
D7P2,Aphidius_colemani,8390,4.328758642,0.089108911,16
D7P2,Bactrocera_tryoni,1697,0.875554638,0.00990099,16
D7P2,Bradysia_ocellaris,1424,0.734702301,0.00990099,16
D7P2,Carpophilus_davidsoni,4019,2.073573419,0.04950495,16
D7P2,Carpophilus_dimidiatus,6742,3.478485192,0.00990099,16
D7P2,Diuraphis_noxia,29,0.014962336,0.00990099,16
D7P2,Drosophila_hydeii,892,0.460220823,0.00990099,16
D7P2,Drosophila_melanogaster,18289,9.436074708,0.247524752,16
D7P2,Drosophila_simulans,481,0.248168404,0.00990099,16
D7P2,Lysiphlebus_testaceipes,320,0.165101641,0.00990099,16
D7P2,Metopolophium_dirhodum,91,0.046950779,0.00990099,16
D7P2,Psyllid_sp,9265,4.780208441,0.00990099,16
D7P2,Rhopalosiphum_padi,397,0.204829223,0.00990099,16
D7P2,Scaptodrosophila_lativittata,935,0.482406356,0.00990099,16
PCRpool7P2,Acizzia_alternata,1931,0.916830075,0.00990099,16
PCRpool7P2,Acizzia_solanicola,97569,46.32532037,0.495049505,16
PCRpool7P2,Aphidius_colemani,20293,9.635024713,0.089108911,16
PCRpool7P2,Bactrocera_tryoni,2149,1.02033549,0.00990099,16
PCRpool7P2,Bradysia_ocellaris,1511,0.717415973,0.00990099,16
PCRpool7P2,Carpophilus_davidsoni,7859,3.731417692,0.04950495,16
PCRpool7P2,Carpophilus_dimidiatus,1781,0.845610753,0.00990099,16
PCRpool7P2,Diuraphis_noxia,944,0.448206935,0.00990099,16
PCRpool7P2,Drosophila_hydeii,1880,0.892615506,0.00990099,16
PCRpool7P2,Drosophila_melanogaster,60116,28.54280519,0.247524752,16
PCRpool7P2,Drosophila_simulans,3700,1.756743283,0.00990099,16
PCRpool7P2,Lysiphlebus_testaceipes,909,0.431589093,0.00990099,16
PCRpool7P2,Metopolophium_dirhodum,1227,0.582574056,0.00990099,16
PCRpool7P2,Psyllid_sp,4810,2.283766268,0.00990099,16
PCRpool7P2,Rhopalosiphum_padi,2199,1.044075265,0.00990099,16
PCRpool7P2,Scaptodrosophila_lativittata,1739,0.825669343,0.00990099,16
I8P2,Acizzia_alternata,119456,22.00635564,0.01,15
I8P2,Acizzia_solanicola,235540,43.3915166,0.05,15
I8P2,Aphidius_colemani,3299,0.607746511,0.2,15
I8P2,Bactrocera_tryoni,56214,10.3558237,0.01,15
I8P2,Bradysia_ocellaris,0,0,0,15
I8P2,Carpophilus_davidsoni,5534,1.019481417,0.1,15
I8P2,Carpophilus_dimidiatus,1161,0.213881085,0.01,15
I8P2,Diuraphis_noxia,377,0.069451481,0.01,15
I8P2,Drosophila_hydeii,10770,1.984064846,0.01,15
I8P2,Drosophila_melanogaster,64722,11.92317966,0.5,15
I8P2,Drosophila_simulans,1532,0.282227237,0.01,15
I8P2,Lysiphlebus_testaceipes,389,0.071662138,0.05,15
I8P2,Metopolophium_dirhodum,5775,1.063878782,0.01,15
I8P2,Psyllid_sp,31879,5.8727951,0.01,15
I8P2,Rhopalosiphum_padi,5816,1.071431861,0.01,15
I8P2,Scaptodrosophila_lativittata,361,0.066503938,0.01,15
D8P2,Acizzia_alternata,12287,9.988375212,0.01,15
D8P2,Acizzia_solanicola,14525,11.80769512,0.05,15
D8P2,Aphidius_colemani,23340,18.97360442,0.2,15
D8P2,Bactrocera_tryoni,1598,1.299049694,0.01,15
D8P2,Bradysia_ocellaris,0,0,0,15
D8P2,Carpophilus_davidsoni,8497,6.907400031,0.1,15
D8P2,Carpophilus_dimidiatus,7447,6.053831709,0.01,15
D8P2,Diuraphis_noxia,46,0.037394422,0.01,15
D8P2,Drosophila_hydeii,1171,0.95193191,0.01,15
D8P2,Drosophila_melanogaster,39660,32.24049491,0.5,15
D8P2,Drosophila_simulans,594,0.482875794,0.01,15
D8P2,Lysiphlebus_testaceipes,1663,1.351889638,0.05,15
D8P2,Metopolophium_dirhodum,156,0.126815865,0.01,15
D8P2,Psyllid_sp,10452,8.496662954,0.01,15
D8P2,Rhopalosiphum_padi,576,0.468243194,0.01,15
D8P2,Scaptodrosophila_lativittata,1001,0.813735134,0.01,15
PCRpool8P2,Acizzia_alternata,1451,0.824113411,0.01,15
PCRpool8P2,Acizzia_solanicola,7995,4.540859213,0.05,15
PCRpool8P2,Aphidius_colemani,37459,21.27530272,0.2,15
PCRpool8P2,Bactrocera_tryoni,1971,1.119453847,0.01,15
PCRpool8P2,Bradysia_ocellaris,0,0,0,15
PCRpool8P2,Carpophilus_davidsoni,13334,7.573210351,0.1,15
PCRpool8P2,Carpophilus_dimidiatus,1386,0.787195856,0.01,15
PCRpool8P2,Diuraphis_noxia,919,0.521957426,0.01,15
PCRpool8P2,Drosophila_hydeii,1698,0.964400118,0.01,15
PCRpool8P2,Drosophila_melanogaster,93888,53.32485176,0.5,15
PCRpool8P2,Drosophila_simulans,3190,1.811799986,0.01,15
PCRpool8P2,Lysiphlebus_testaceipes,4220,2.396801236,0.05,15
PCRpool8P2,Metopolophium_dirhodum,1008,0.572506077,0.01,15
PCRpool8P2,Psyllid_sp,4272,2.42633528,0.01,15
PCRpool8P2,Rhopalosiphum_padi,1690,0.959856419,0.01,15
PCRpool8P2,Scaptodrosophila_lativittata,1587,0.901356294,0.01,15
