Sample,Taxon,Observed,Count,Expected,Plate,Barcode,Mixture_type,Num_species,Table
I1P1,Acizzia_alternata,74.89850908,523414,0.01,1,1,Insects,15,above
I1P1,Acizzia_solanicola,19.13910516,133750,0.1,1,1,Insects,15,above
I1P1,Aphidius_colemani,0.960747305,6714,0.36,1,1,Insects,15,above
I1P1,Bactrocera_tryoni,1.679089794,11734,0.01,1,1,Insects,15,above
I1P1,Bradysia_ocellaris,0,0,0,1,1,Insects,15,above
I1P1,Carpophilus_davidsoni,0.682568461,4770,0.25,1,1,Insects,15,above
I1P1,Carpophilus_dimidiatus,0.090150551,630,0.01,1,1,Insects,15,above
I1P1,Diuraphis_noxia,0.044359795,310,0.01,1,1,Insects,15,above
I1P1,Drosophila_hydeii,0.035774028,250,0.01,1,1,Insects,15,above
I1P1,Drosophila_melanogaster,1.485623849,10382,0.05,1,1,Insects,15,above
I1P1,Drosophila_simulans,0.249130333,1741,0.01,1,1,Insects,15,above
I1P1,Lysiphlebus_testaceipes,0.297210627,2077,0.14,1,1,Insects,15,above
I1P1,Metopolophium_dirhodum,0.005580748,39,0.01,1,1,Insects,15,above
I1P1,Psyllid_sp,0.358312668,2504,0.01,1,1,Insects,15,above
I1P1,Rhopalosiphum_padi,0.065251828,456,0.01,1,1,Insects,15,above
I1P1,Scaptodrosophila_lativittata,0.008585767,60,0.01,1,1,Insects,15,above
D1P1,Acizzia_alternata,9.017754904,14333,0.01,1,2,DNA,15,above
D1P1,Acizzia_solanicola,19.68831398,31293,0.1,1,2,DNA,15,above
D1P1,Aphidius_colemani,44.48666809,70708,0.36,1,2,DNA,15,above
D1P1,Bactrocera_tryoni,0.591410703,940,0.01,1,2,DNA,15,above
D1P1,Bradysia_ocellaris,0,0,0,1,2,DNA,15,above
D1P1,Carpophilus_davidsoni,2.745026488,4363,0.25,1,2,DNA,15,above
D1P1,Carpophilus_dimidiatus,7.268060047,11552,0.01,1,2,DNA,15,above
D1P1,Diuraphis_noxia,0.022020611,35,0.01,1,2,DNA,15,above
D1P1,Drosophila_hydeii,0.442928867,704,0.01,1,2,DNA,15,above
D1P1,Drosophila_melanogaster,8.620754741,13702,0.05,1,2,DNA,15,above
D1P1,Drosophila_simulans,0.795887808,1265,0.01,1,2,DNA,15,above
D1P1,Lysiphlebus_testaceipes,3.752941325,5965,0.14,1,2,DNA,15,above
D1P1,Metopolophium_dirhodum,0.035862138,57,0.01,1,2,DNA,15,above
D1P1,Psyllid_sp,1.349548892,2145,0.01,1,2,DNA,15,above
D1P1,Rhopalosiphum_padi,0.199443822,317,0.01,1,2,DNA,15,above
D1P1,Scaptodrosophila_lativittata,0.983377584,1563,0.01,1,2,DNA,15,above
PCRpool1P1,Acizzia_alternata,0.66607884,1186,0.01,1,3,PCR,15,above
PCRpool1P1,Acizzia_solanicola,10.33208467,18397,0.1,1,3,PCR,15,above
PCRpool1P1,Aphidius_colemani,45.97460364,81861,0.36,1,3,PCR,15,above
PCRpool1P1,Bactrocera_tryoni,0.487484345,868,0.01,1,3,PCR,15,above
PCRpool1P1,Bradysia_ocellaris,0,0,0,1,3,PCR,15,above
PCRpool1P1,Carpophilus_davidsoni,8.369791696,14903,0.25,1,3,PCR,15,above
PCRpool1P1,Carpophilus_dimidiatus,0.95868177,1707,0.01,1,3,PCR,15,above
PCRpool1P1,Diuraphis_noxia,0.590260422,1051,0.01,1,3,PCR,15,above
PCRpool1P1,Drosophila_hydeii,1.284981775,2288,0.01,1,3,PCR,15,above
PCRpool1P1,Drosophila_melanogaster,2.54862207,4538,0.05,1,3,PCR,15,above
PCRpool1P1,Drosophila_simulans,14.68013052,26139,0.01,1,3,PCR,15,above
PCRpool1P1,Lysiphlebus_testaceipes,10.12540928,18029,0.14,1,3,PCR,15,above
PCRpool1P1,Metopolophium_dirhodum,0.541399664,964,0.01,1,3,PCR,15,above
PCRpool1P1,Psyllid_sp,1.374840641,2448,0.01,1,3,PCR,15,above
PCRpool1P1,Rhopalosiphum_padi,0.773909478,1378,0.01,1,3,PCR,15,above
PCRpool1P1,Scaptodrosophila_lativittata,1.29172119,2300,0.01,1,3,PCR,15,above
I2P1,Acizzia_alternata,3.839030364,20189,0.01,1,4,Insects,14,above
I2P1,Acizzia_solanicola,89.78261531,472156,0.25,1,4,Insects,14,above
I2P1,Aphidius_colemani,0.084428624,444,0.05,1,4,Insects,14,above
I2P1,Bactrocera_tryoni,0.217917123,1146,0.01,1,4,Insects,14,above
I2P1,Bradysia_ocellaris,0,0,0,1,4,Insects,14,above
I2P1,Carpophilus_davidsoni,0.780394304,4104,0.5,1,4,Insects,14,above
I2P1,Carpophilus_dimidiatus,3.295568638,17331,0.01,1,4,Insects,14,above
I2P1,Diuraphis_noxia,0.017874528,94,0.01,1,4,Insects,14,above
I2P1,Drosophila_hydeii,0.099831143,525,0.01,1,4,Insects,14,above
I2P1,Drosophila_melanogaster,0.897529512,4720,0.1,1,4,Insects,14,above
I2P1,Drosophila_simulans,0.660977242,3476,0.01,1,4,Insects,14,above
I2P1,Lysiphlebus_testaceipes,0,0,0,1,4,Insects,14,above
I2P1,Metopolophium_dirhodum,0.018254838,96,0.01,1,4,Insects,14,above
I2P1,Psyllid_sp,0.181977912,957,0.01,1,4,Insects,14,above
I2P1,Rhopalosiphum_padi,0.067124559,353,0.01,1,4,Insects,14,above
I2P1,Scaptodrosophila_lativittata,0.056475904,297,0.01,1,4,Insects,14,above
D2P1,Acizzia_alternata,8.599343854,10773,0.01,1,5,DNA,14,above
D2P1,Acizzia_solanicola,52.98019589,66372,0.25,1,5,DNA,14,above
D2P1,Aphidius_colemani,5.953207692,7458,0.05,1,5,DNA,14,above
D2P1,Bactrocera_tryoni,0.673707065,844,0.01,1,5,DNA,14,above
D2P1,Bradysia_ocellaris,0,0,0,1,5,DNA,14,above
D2P1,Carpophilus_davidsoni,4.926682472,6172,0.5,1,5,DNA,14,above
D2P1,Carpophilus_dimidiatus,7.251131493,9084,0.01,1,5,DNA,14,above
D2P1,Diuraphis_noxia,0.033525707,42,0.01,1,5,DNA,14,above
D2P1,Drosophila_hydeii,0.385545631,483,0.01,1,5,DNA,14,above
D2P1,Drosophila_melanogaster,16.11548808,20189,0.1,1,5,DNA,14,above
D2P1,Drosophila_simulans,0.757521333,949,0.01,1,5,DNA,14,above
D2P1,Lysiphlebus_testaceipes,0,0,0,1,5,DNA,14,above
D2P1,Metopolophium_dirhodum,0.038315094,48,0.01,1,5,DNA,14,above
D2P1,Psyllid_sp,1.294730876,1622,0.01,1,5,DNA,14,above
D2P1,Rhopalosiphum_padi,0.154856837,194,0.01,1,5,DNA,14,above
D2P1,Scaptodrosophila_lativittata,0.835747982,1047,0.01,1,5,DNA,14,above
PCRpool2P1,Acizzia_alternata,0.916383067,1516,0.01,1,6,PCR,14,above
PCRpool2P1,Acizzia_solanicola,36.59668869,60543,0.25,1,6,PCR,14,above
PCRpool2P1,Aphidius_colemani,8.319380051,13763,0.05,1,6,PCR,14,above
PCRpool2P1,Bactrocera_tryoni,0.659481482,1091,0.01,1,6,PCR,14,above
PCRpool2P1,Bradysia_ocellaris,0,0,0,1,6,PCR,14,above
PCRpool2P1,Carpophilus_davidsoni,19.21805202,31793,0.5,1,6,PCR,14,above
PCRpool2P1,Carpophilus_dimidiatus,1.010681061,1672,0.01,1,6,PCR,14,above
PCRpool2P1,Diuraphis_noxia,0.651623316,1078,0.01,1,6,PCR,14,above
PCRpool2P1,Drosophila_hydeii,1.29176162,2137,0.01,1,6,PCR,14,above
PCRpool2P1,Drosophila_melanogaster,6.68729939,11063,0.1,1,6,PCR,14,above
PCRpool2P1,Drosophila_simulans,19.15337327,31686,0.01,1,6,PCR,14,above
PCRpool2P1,Lysiphlebus_testaceipes,0,0,0,1,6,PCR,14,above
PCRpool2P1,Metopolophium_dirhodum,0.733831823,1214,0.01,1,6,PCR,14,above
PCRpool2P1,Psyllid_sp,1.892004618,3130,0.01,1,6,PCR,14,above
PCRpool2P1,Rhopalosiphum_padi,1.143060937,1891,0.01,1,6,PCR,14,above
PCRpool2P1,Scaptodrosophila_lativittata,1.726378655,2856,0.01,1,6,PCR,14,above
I3P1,Acizzia_alternata,19.91728238,104405,0.01,1,7,Insects,15,above
I3P1,Acizzia_solanicola,68.82102584,360755,0.5,1,7,Insects,15,above
I3P1,Aphidius_colemani,0.420455824,2204,0.06,1,7,Insects,15,above
I3P1,Bactrocera_tryoni,1.429435342,7493,0.01,1,7,Insects,15,above
I3P1,Bradysia_ocellaris,0,0,0,1,7,Insects,15,above
I3P1,Carpophilus_davidsoni,0.042541583,223,0.05,1,7,Insects,15,above
I3P1,Carpophilus_dimidiatus,0.03338465,175,0.01,1,7,Insects,15,above
I3P1,Diuraphis_noxia,0.017932326,94,0.01,1,7,Insects,15,above
I3P1,Drosophila_hydeii,0.044067738,231,0.01,1,7,Insects,15,above
I3P1,Drosophila_melanogaster,6.395163613,33523,0.25,1,7,Insects,15,above
I3P1,Drosophila_simulans,1.751835679,9183,0.01,1,7,Insects,15,above
I3P1,Lysiphlebus_testaceipes,0.051698516,271,0.04,1,7,Insects,15,above
I3P1,Metopolophium_dirhodum,0.024418487,128,0.01,1,7,Insects,15,above
I3P1,Psyllid_sp,0.105686264,554,0.01,1,7,Insects,15,above
I3P1,Rhopalosiphum_padi,0.895471706,4694,0.01,1,7,Insects,15,above
I3P1,Scaptodrosophila_lativittata,0.049600052,260,0.01,1,7,Insects,15,above
D3P1,Acizzia_alternata,4.517120526,8906,0.01,1,8,DNA,15,above
D3P1,Acizzia_solanicola,57.31762367,113008,0.5,1,8,DNA,15,above
D3P1,Aphidius_colemani,3.925725676,7740,0.06,1,8,DNA,15,above
D3P1,Bactrocera_tryoni,0.296711824,585,0.01,1,8,DNA,15,above
D3P1,Bradysia_ocellaris,0,0,0,1,8,DNA,15,above
D3P1,Carpophilus_davidsoni,0.284031832,560,0.05,1,8,DNA,15,above
D3P1,Carpophilus_dimidiatus,4.301560653,8481,0.01,1,8,DNA,15,above
D3P1,Diuraphis_noxia,0.008622395,17,0.01,1,8,DNA,15,above
D3P1,Drosophila_hydeii,0.213023874,420,0.01,1,8,DNA,15,above
D3P1,Drosophila_melanogaster,26.89020648,53017,0.25,1,8,DNA,15,above
D3P1,Drosophila_simulans,0.40525256,799,0.01,1,8,DNA,15,above
D3P1,Lysiphlebus_testaceipes,0.548790075,1082,0.04,1,8,DNA,15,above
D3P1,Metopolophium_dirhodum,0.019273589,38,0.01,1,8,DNA,15,above
D3P1,Psyllid_sp,0.741525961,1462,0.01,1,8,DNA,15,above
D3P1,Rhopalosiphum_padi,0.08368795,165,0.01,1,8,DNA,15,above
D3P1,Scaptodrosophila_lativittata,0.446842935,881,0.01,1,8,DNA,15,above
PCRpool3P1,Acizzia_alternata,0.498747403,653,0.01,1,9,PCR,15,above
PCRpool3P1,Acizzia_solanicola,50.98832946,66758,0.5,1,9,PCR,15,above
PCRpool3P1,Aphidius_colemani,8.449682268,11063,0.06,1,9,PCR,15,above
PCRpool3P1,Bactrocera_tryoni,0.445282904,583,0.01,1,9,PCR,15,above
PCRpool3P1,Bradysia_ocellaris,0,0,0,1,9,PCR,15,above
PCRpool3P1,Carpophilus_davidsoni,1.506935109,1973,0.05,1,9,PCR,15,above
PCRpool3P1,Carpophilus_dimidiatus,0.808077722,1058,0.01,1,9,PCR,15,above
PCRpool3P1,Diuraphis_noxia,0.509440303,667,0.01,1,9,PCR,15,above
PCRpool3P1,Drosophila_hydeii,1.295368447,1696,0.01,1,9,PCR,15,above
PCRpool3P1,Drosophila_melanogaster,14.81806795,19401,0.25,1,9,PCR,15,above
PCRpool3P1,Drosophila_simulans,13.56165221,17756,0.01,1,9,PCR,15,above
PCRpool3P1,Lysiphlebus_testaceipes,3.010815104,3942,0.04,1,9,PCR,15,above
PCRpool3P1,Metopolophium_dirhodum,0.546101674,715,0.01,1,9,PCR,15,above
PCRpool3P1,Psyllid_sp,1.385494317,1814,0.01,1,9,PCR,15,above
PCRpool3P1,Rhopalosiphum_padi,0.775235244,1015,0.01,1,9,PCR,15,above
PCRpool3P1,Scaptodrosophila_lativittata,1.400769889,1834,0.01,1,9,PCR,15,above
I4P1,Acizzia_alternata,2.653727406,11105,0.01,1,10,Insects,15,above
I4P1,Acizzia_solanicola,26.39317702,110447,0.05,1,10,Insects,15,above
I4P1,Aphidius_colemani,4.547540075,19030,0.12,1,10,Insects,15,above
I4P1,Bactrocera_tryoni,2.431249223,10174,0.01,1,10,Insects,15,above
I4P1,Bradysia_ocellaris,0,0,0,1,10,Insects,15,above
I4P1,Carpophilus_davidsoni,0.377328732,1579,0.1,1,10,Insects,15,above
I4P1,Carpophilus_dimidiatus,0.072168003,302,0.01,1,10,Insects,15,above
I4P1,Diuraphis_noxia,0.528116845,2210,0.01,1,10,Insects,15,above
I4P1,Drosophila_hydeii,0.427750748,1790,0.01,1,10,Insects,15,above
I4P1,Drosophila_melanogaster,55.64654884,232863,0.5,1,10,Insects,15,above
I4P1,Drosophila_simulans,1.540380626,6446,0.01,1,10,Insects,15,above
I4P1,Lysiphlebus_testaceipes,2.749314165,11505,0.13,1,10,Insects,15,above
I4P1,Metopolophium_dirhodum,0.481279333,2014,0.01,1,10,Insects,15,above
I4P1,Psyllid_sp,0.587619603,2459,0.01,1,10,Insects,15,above
I4P1,Rhopalosiphum_padi,1.341799134,5615,0.01,1,10,Insects,15,above
I4P1,Scaptodrosophila_lativittata,0.222000249,929,0.01,1,10,Insects,15,above
D4P1,Acizzia_alternata,7.578315986,12028,0.01,1,11,DNA,15,above
D4P1,Acizzia_solanicola,6.918647143,10981,0.05,1,11,DNA,15,above
D4P1,Aphidius_colemani,10.61014643,16840,0.12,1,11,DNA,15,above
D4P1,Bactrocera_tryoni,0.410796643,652,0.01,1,11,DNA,15,above
D4P1,Bradysia_ocellaris,0,0,0,1,11,DNA,15,above
D4P1,Carpophilus_davidsoni,0.711963507,1130,0.1,1,11,DNA,15,above
D4P1,Carpophilus_dimidiatus,5.528113108,8774,0.01,1,11,DNA,15,above
D4P1,Diuraphis_noxia,0.011971068,19,0.01,1,11,DNA,15,above
D4P1,Drosophila_hydeii,0.30179692,479,0.01,1,11,DNA,15,above
D4P1,Drosophila_melanogaster,63.62811563,100988,0.5,1,11,DNA,15,above
D4P1,Drosophila_simulans,0.444189622,705,0.01,1,11,DNA,15,above
D4P1,Lysiphlebus_testaceipes,2.283953729,3625,0.13,1,11,DNA,15,above
D4P1,Metopolophium_dirhodum,0.017011517,27,0.01,1,11,DNA,15,above
D4P1,Psyllid_sp,0.906020817,1438,0.01,1,11,DNA,15,above
D4P1,Rhopalosiphum_padi,0.090728093,144,0.01,1,11,DNA,15,above
D4P1,Scaptodrosophila_lativittata,0.558229794,886,0.01,1,11,DNA,15,above
PCRpool4P1,Acizzia_alternata,0.738718287,1204,0.01,1,12,PCR,15,above
PCRpool4P1,Acizzia_solanicola,6.070497285,9894,0.05,1,12,PCR,15,above
PCRpool4P1,Aphidius_colemani,21.63941467,35269,0.12,1,12,PCR,15,above
PCRpool4P1,Bactrocera_tryoni,0.627665123,1023,0.01,1,12,PCR,15,above
PCRpool4P1,Bradysia_ocellaris,0,0,0,1,12,PCR,15,above
PCRpool4P1,Carpophilus_davidsoni,3.379452097,5508,0.1,1,12,PCR,15,above
PCRpool4P1,Carpophilus_dimidiatus,0.930146946,1516,0.01,1,12,PCR,15,above
PCRpool4P1,Diuraphis_noxia,0.604963647,986,0.01,1,12,PCR,15,above
PCRpool4P1,Drosophila_hydeii,1.255330245,2046,0.01,1,12,PCR,15,above
PCRpool4P1,Drosophila_melanogaster,32.06736816,52265,0.5,1,12,PCR,15,above
PCRpool4P1,Drosophila_simulans,16.86842347,27493,0.01,1,12,PCR,15,above
PCRpool4P1,Lysiphlebus_testaceipes,11.08445562,18066,0.13,1,12,PCR,15,above
PCRpool4P1,Metopolophium_dirhodum,0.664478326,1083,0.01,1,12,PCR,15,above
PCRpool4P1,Psyllid_sp,1.494616069,2436,0.01,1,12,PCR,15,above
PCRpool4P1,Rhopalosiphum_padi,1.030156149,1679,0.01,1,12,PCR,15,above
PCRpool4P1,Scaptodrosophila_lativittata,1.544313894,2517,0.01,1,12,PCR,15,above
I5P1,Acizzia_alternata,12.03079827,60423,0.00990099,1,13,Insects,16,above
I5P1,Acizzia_solanicola,70.0919488,352027,0.099009901,1,13,Insects,16,above
I5P1,Aphidius_colemani,3.426476796,17209,0.356435644,1,13,Insects,16,above
I5P1,Bactrocera_tryoni,8.996368241,45183,0.00990099,1,13,Insects,16,above
I5P1,Bradysia_ocellaris,0.181787048,913,0.00990099,1,13,Insects,16,above
I5P1,Carpophilus_davidsoni,1.045922634,5253,0.247524752,1,13,Insects,16,above
I5P1,Carpophilus_dimidiatus,0.092187736,463,0.00990099,1,13,Insects,16,above
I5P1,Diuraphis_noxia,0.043206779,217,0.00990099,1,13,Insects,16,above
I5P1,Drosophila_hydeii,0.080440271,404,0.00990099,1,13,Insects,16,above
I5P1,Drosophila_melanogaster,1.489339673,7480,0.04950495,1,13,Insects,16,above
I5P1,Drosophila_simulans,0.205281979,1031,0.00990099,1,13,Insects,16,above
I5P1,Lysiphlebus_testaceipes,0.930439076,4673,0.138613861,1,13,Insects,16,above
I5P1,Metopolophium_dirhodum,0.084223353,423,0.00990099,1,13,Insects,16,above
I5P1,Psyllid_sp,0.503149914,2527,0.00990099,1,13,Insects,16,above
I5P1,Rhopalosiphum_padi,0.65745984,3302,0.00990099,1,13,Insects,16,above
I5P1,Scaptodrosophila_lativittata,0.140969584,708,0.00990099,1,13,Insects,16,above
D5P1,Acizzia_alternata,7.780131279,13370,0.00990099,1,14,DNA,16,above
D5P1,Acizzia_solanicola,18.68860854,32116,0.099009901,1,14,DNA,16,above
D5P1,Aphidius_colemani,47.83355058,82201,0.356435644,1,14,DNA,16,above
D5P1,Bactrocera_tryoni,0.517899539,890,0.00990099,1,14,DNA,16,above
D5P1,Bradysia_ocellaris,0.31597691,543,0.00990099,1,14,DNA,16,above
D5P1,Carpophilus_davidsoni,2.731483637,4694,0.247524752,1,14,DNA,16,above
D5P1,Carpophilus_dimidiatus,7.205786509,12383,0.00990099,1,14,DNA,16,above
D5P1,Diuraphis_noxia,0.016875378,29,0.00990099,1,14,DNA,16,above
D5P1,Drosophila_hydeii,0.368930683,634,0.00990099,1,14,DNA,16,above
D5P1,Drosophila_melanogaster,7.995437829,13740,0.04950495,1,14,DNA,16,above
D5P1,Drosophila_simulans,0.680252316,1169,0.00990099,1,14,DNA,16,above
D5P1,Lysiphlebus_testaceipes,3.540337973,6084,0.138613861,1,14,DNA,16,above
D5P1,Metopolophium_dirhodum,0.02909548,50,0.00990099,1,14,DNA,16,above
D5P1,Psyllid_sp,1.254597086,2156,0.00990099,1,14,DNA,16,above
D5P1,Rhopalosiphum_padi,0.153624133,264,0.00990099,1,14,DNA,16,above
D5P1,Scaptodrosophila_lativittata,0.887412132,1525,0.00990099,1,14,DNA,16,above
PCRpool5P1,Acizzia_alternata,0.550871619,1082,0.00990099,1,15,PCR,16,above
PCRpool5P1,Acizzia_solanicola,9.505844738,18671,0.099009901,1,15,PCR,16,above
PCRpool5P1,Aphidius_colemani,48.88247393,96013,0.356435644,1,15,PCR,16,above
PCRpool5P1,Bactrocera_tryoni,0.441410068,867,0.00990099,1,15,PCR,16,above
PCRpool5P1,Bradysia_ocellaris,0.707172532,1389,0.00990099,1,15,PCR,16,above
PCRpool5P1,Carpophilus_davidsoni,8.145975888,16000,0.247524752,1,15,PCR,16,above
PCRpool5P1,Carpophilus_dimidiatus,0.838017269,1646,0.00990099,1,15,PCR,16,above
PCRpool5P1,Diuraphis_noxia,0.425118117,835,0.00990099,1,15,PCR,16,above
PCRpool5P1,Drosophila_hydeii,1.065086347,2092,0.00990099,1,15,PCR,16,above
PCRpool5P1,Drosophila_melanogaster,2.607730531,5122,0.04950495,1,15,PCR,16,above
PCRpool5P1,Drosophila_simulans,13.23619257,25998,0.00990099,1,15,PCR,16,above
PCRpool5P1,Lysiphlebus_testaceipes,9.444749919,18551,0.138613861,1,15,PCR,16,above
PCRpool5P1,Metopolophium_dirhodum,0.514723851,1011,0.00990099,1,15,PCR,16,above
PCRpool5P1,Psyllid_sp,1.357323232,2666,0.00990099,1,15,PCR,16,above
PCRpool5P1,Rhopalosiphum_padi,0.855327468,1680,0.00990099,1,15,PCR,16,above
PCRpool5P1,Scaptodrosophila_lativittata,1.421981916,2793,0.00990099,1,15,PCR,16,above
I6P1,Acizzia_alternata,0.491431066,2567,0.01,1,16,Insects,15,above
I6P1,Acizzia_solanicola,90.09843937,470631,0.25,1,16,Insects,15,above
I6P1,Aphidius_colemani,0.376565994,1967,0.04,1,16,Insects,15,above
I6P1,Bactrocera_tryoni,3.131221858,16356,0.01,1,16,Insects,15,above
I6P1,Bradysia_ocellaris,0,0,0,1,16,Insects,15,above
I6P1,Carpophilus_davidsoni,0.566667688,2960,0.5,1,16,Insects,15,above
I6P1,Carpophilus_dimidiatus,0.12213986,638,0.01,1,16,Insects,15,above
I6P1,Diuraphis_noxia,0.135157901,706,0.01,1,16,Insects,15,above
I6P1,Drosophila_hydeii,0.2936717,1534,0.01,1,16,Insects,15,above
I6P1,Drosophila_melanogaster,2.68669403,14034,0.1,1,16,Insects,15,above
I6P1,Drosophila_simulans,0.309944252,1619,0.01,1,16,Insects,15,above
I6P1,Lysiphlebus_testaceipes,0.067196067,351,0.01,1,16,Insects,15,above
I6P1,Metopolophium_dirhodum,0.017229761,90,0.01,1,16,Insects,15,above
I6P1,Psyllid_sp,0.99664594,5206,0.01,1,16,Insects,15,above
I6P1,Rhopalosiphum_padi,0.432084112,2257,0.01,1,16,Insects,15,above
I6P1,Scaptodrosophila_lativittata,0.274910405,1436,0.01,1,16,Insects,15,above
D6P1,Acizzia_alternata,9.298124263,11426,0.01,1,17,DNA,15,above
D6P1,Acizzia_solanicola,52.90800342,65016,0.25,1,17,DNA,15,above
D6P1,Aphidius_colemani,4.920860968,6047,0.04,1,17,DNA,15,above
D6P1,Bactrocera_tryoni,0.900028482,1106,0.01,1,17,DNA,15,above
D6P1,Bradysia_ocellaris,0,0,0,1,17,DNA,15,above
D6P1,Carpophilus_davidsoni,4.824836229,5929,0.5,1,17,DNA,15,above
D6P1,Carpophilus_dimidiatus,6.772185377,8322,0.01,1,17,DNA,15,above
D6P1,Diuraphis_noxia,0.020344224,25,0.01,1,17,DNA,15,above
D6P1,Drosophila_hydeii,0.361313423,444,0.01,1,17,DNA,15,above
D6P1,Drosophila_melanogaster,16.22899459,19943,0.1,1,17,DNA,15,above
D6P1,Drosophila_simulans,0.730764536,898,0.01,1,17,DNA,15,above
D6P1,Lysiphlebus_testaceipes,0.201814705,248,0.01,1,17,DNA,15,above
D6P1,Metopolophium_dirhodum,0.039060911,48,0.01,1,17,DNA,15,above
D6P1,Psyllid_sp,1.263783212,1553,0.01,1,17,DNA,15,above
D6P1,Rhopalosiphum_padi,0.187166863,230,0.01,1,17,DNA,15,above
D6P1,Scaptodrosophila_lativittata,1.342718802,1650,0.01,1,17,DNA,15,above
PCRpool6P1,Acizzia_alternata,0.801484054,1348,0.01,1,18,PCR,15,above
PCRpool6P1,Acizzia_solanicola,36.13218541,60770,0.25,1,18,PCR,15,above
PCRpool6P1,Aphidius_colemani,7.206816182,12121,0.04,1,18,PCR,15,above
PCRpool6P1,Bactrocera_tryoni,0.671272623,1129,0.01,1,18,PCR,15,above
PCRpool6P1,Bradysia_ocellaris,0,0,0,1,18,PCR,15,above
PCRpool6P1,Carpophilus_davidsoni,20.03293933,33693,0.5,1,18,PCR,15,above
PCRpool6P1,Carpophilus_dimidiatus,1.142174234,1921,0.01,1,18,PCR,15,above
PCRpool6P1,Diuraphis_noxia,0.629057959,1058,0.01,1,18,PCR,15,above
PCRpool6P1,Drosophila_hydeii,1.330653792,2238,0.01,1,18,PCR,15,above
PCRpool6P1,Drosophila_melanogaster,6.810830737,11455,0.1,1,18,PCR,15,above
PCRpool6P1,Drosophila_simulans,18.65650344,31378,0.01,1,18,PCR,15,above
PCRpool6P1,Lysiphlebus_testaceipes,0.91564202,1540,0.01,1,18,PCR,15,above
PCRpool6P1,Metopolophium_dirhodum,0.754512807,1269,0.01,1,18,PCR,15,above
PCRpool6P1,Psyllid_sp,1.722477228,2897,0.01,1,18,PCR,15,above
PCRpool6P1,Rhopalosiphum_padi,1.399029657,2353,0.01,1,18,PCR,15,above
PCRpool6P1,Scaptodrosophila_lativittata,1.794420529,3018,0.01,1,18,PCR,15,above
I7P1,Acizzia_alternata,0.39086123,2107,0.00990099,1,19,Insects,16,above
I7P1,Acizzia_solanicola,90.68852423,488871,0.495049505,1,19,Insects,16,above
I7P1,Aphidius_colemani,0.664668148,3583,0.089108911,1,19,Insects,16,above
I7P1,Bactrocera_tryoni,1.05497286,5687,0.00990099,1,19,Insects,16,above
I7P1,Bradysia_ocellaris,0.003710121,20,0.00990099,1,19,Insects,16,above
I7P1,Carpophilus_davidsoni,0.014283965,77,0.04950495,1,19,Insects,16,above
I7P1,Carpophilus_dimidiatus,0.00890429,48,0.00990099,1,19,Insects,16,above
I7P1,Diuraphis_noxia,0.008347772,45,0.00990099,1,19,Insects,16,above
I7P1,Drosophila_hydeii,0.376020747,2027,0.00990099,1,19,Insects,16,above
I7P1,Drosophila_melanogaster,5.941573017,32029,0.247524752,1,19,Insects,16,above
I7P1,Drosophila_simulans,0.026341858,142,0.00990099,1,19,Insects,16,above
I7P1,Lysiphlebus_testaceipes,0.006307205,34,0.00990099,1,19,Insects,16,above
I7P1,Metopolophium_dirhodum,0.027454894,148,0.00990099,1,19,Insects,16,above
I7P1,Psyllid_sp,0.695462151,3749,0.00990099,1,19,Insects,16,above
I7P1,Rhopalosiphum_padi,0.083292213,449,0.00990099,1,19,Insects,16,above
I7P1,Scaptodrosophila_lativittata,0.009275302,50,0.00990099,1,19,Insects,16,above
D7P1,Acizzia_alternata,7.593576503,15264,0.00990099,1,20,DNA,16,above
D7P1,Acizzia_solanicola,53.85051639,108246,0.495049505,1,20,DNA,16,above
D7P1,Aphidius_colemani,5.627524725,11312,0.089108911,1,20,DNA,16,above
D7P1,Bactrocera_tryoni,0.429327602,863,0.00990099,1,20,DNA,16,above
D7P1,Bradysia_ocellaris,0.26167592,526,0.00990099,1,20,DNA,16,above
D7P1,Carpophilus_davidsoni,0.265158299,533,0.04950495,1,20,DNA,16,above
D7P1,Carpophilus_dimidiatus,3.865440869,7770,0.00990099,1,20,DNA,16,above
D7P1,Diuraphis_noxia,0.011442103,23,0.00990099,1,20,DNA,16,above
D7P1,Drosophila_hydeii,0.195510716,393,0.00990099,1,20,DNA,16,above
D7P1,Drosophila_melanogaster,26.23027481,52726,0.247524752,1,20,DNA,16,above
D7P1,Drosophila_simulans,0.329333572,662,0.00990099,1,20,DNA,16,above
D7P1,Lysiphlebus_testaceipes,0.15819951,318,0.00990099,1,20,DNA,16,above
D7P1,Metopolophium_dirhodum,0.011939586,24,0.00990099,1,20,DNA,16,above
D7P1,Psyllid_sp,0.661652041,1330,0.00990099,1,20,DNA,16,above
D7P1,Rhopalosiphum_padi,0.082084652,165,0.00990099,1,20,DNA,16,above
D7P1,Scaptodrosophila_lativittata,0.426342706,857,0.00990099,1,20,DNA,16,above
PCRpool7P1,Acizzia_alternata,0.682530425,1065,0.00990099,1,21,PCR,16,above
PCRpool7P1,Acizzia_solanicola,49.81254446,77726,0.495049505,1,21,PCR,16,above
PCRpool7P1,Aphidius_colemani,11.63634266,18157,0.089108911,1,21,PCR,16,above
PCRpool7P1,Bactrocera_tryoni,0.48962746,764,0.00990099,1,21,PCR,16,above
PCRpool7P1,Bradysia_ocellaris,0.658818101,1028,0.00990099,1,21,PCR,16,above
PCRpool7P1,Carpophilus_davidsoni,1.518870524,2370,0.04950495,1,21,PCR,16,above
PCRpool7P1,Carpophilus_dimidiatus,0.817754763,1276,0.00990099,1,21,PCR,16,above
PCRpool7P1,Diuraphis_noxia,0.469760377,733,0.00990099,1,21,PCR,16,above
PCRpool7P1,Drosophila_hydeii,1.038856169,1621,0.00990099,1,21,PCR,16,above
PCRpool7P1,Drosophila_melanogaster,14.64460352,22851,0.247524752,1,21,PCR,16,above
PCRpool7P1,Drosophila_simulans,14.34595641,22385,0.00990099,1,21,PCR,16,above
PCRpool7P1,Lysiphlebus_testaceipes,0,0,0.00990099,1,21,PCR,16,above
PCRpool7P1,Metopolophium_dirhodum,0.533847741,833,0.00990099,1,21,PCR,16,above
PCRpool7P1,Psyllid_sp,1.161263034,1812,0.00990099,1,21,PCR,16,above
PCRpool7P1,Rhopalosiphum_padi,0.867102033,1353,0.00990099,1,21,PCR,16,above
PCRpool7P1,Scaptodrosophila_lativittata,1.322122317,2063,0.00990099,1,21,PCR,16,above
I8P1,Acizzia_alternata,23.29750672,138424,0.01,1,22,Insects,15,above
I8P1,Acizzia_solanicola,38.01699211,225881,0.05,1,22,Insects,15,above
I8P1,Aphidius_colemani,0.800628789,4757,0.2,1,22,Insects,15,above
I8P1,Bactrocera_tryoni,6.906243794,41034,0.01,1,22,Insects,15,above
I8P1,Bradysia_ocellaris,0,0,0,1,22,Insects,15,above
I8P1,Carpophilus_davidsoni,0.12185311,724,0.1,1,22,Insects,15,above
I8P1,Carpophilus_dimidiatus,0.296049199,1759,0.01,1,22,Insects,15,above
I8P1,Diuraphis_noxia,0.049818398,296,0.01,1,22,Insects,15,above
I8P1,Drosophila_hydeii,1.021445474,6069,0.01,1,22,Insects,15,above
I8P1,Drosophila_melanogaster,26.87870903,159702,0.5,1,22,Insects,15,above
I8P1,Drosophila_simulans,0.476472588,2831,0.01,1,22,Insects,15,above
I8P1,Lysiphlebus_testaceipes,0.072034711,428,0.05,1,22,Insects,15,above
I8P1,Metopolophium_dirhodum,0.415209422,2467,0.01,1,22,Insects,15,above
I8P1,Psyllid_sp,1.095668156,6510,0.01,1,22,Insects,15,above
I8P1,Rhopalosiphum_padi,0.473274785,2812,0.01,1,22,Insects,15,above
I8P1,Scaptodrosophila_lativittata,0.078093706,464,0.01,1,22,Insects,15,above
D8P1,Acizzia_alternata,5.688028477,8597,0.01,1,23,DNA,15,above
D8P1,Acizzia_solanicola,6.714215771,10148,0.05,1,23,DNA,15,above
D8P1,Aphidius_colemani,17.16266822,25940,0.2,1,23,DNA,15,above
D8P1,Bactrocera_tryoni,0.52798031,798,0.01,1,23,DNA,15,above
D8P1,Bradysia_ocellaris,0,0,0,1,23,DNA,15,above
D8P1,Carpophilus_davidsoni,0.684786492,1035,0.1,1,23,DNA,15,above
D8P1,Carpophilus_dimidiatus,4.99662569,7552,0.01,1,23,DNA,15,above
D8P1,Diuraphis_noxia,0.014555848,22,0.01,1,23,DNA,15,above
D8P1,Drosophila_hydeii,0.299056516,452,0.01,1,23,DNA,15,above
D8P1,Drosophila_melanogaster,60.99892816,92195,0.5,1,23,DNA,15,above
D8P1,Drosophila_simulans,0.514086091,777,0.01,1,23,DNA,15,above
D8P1,Lysiphlebus_testaceipes,0.840269416,1270,0.05,1,23,DNA,15,above
D8P1,Metopolophium_dirhodum,0.023818661,36,0.01,1,23,DNA,15,above
D8P1,Psyllid_sp,0.846224081,1279,0.01,1,23,DNA,15,above
D8P1,Rhopalosiphum_padi,0.12240145,185,0.01,1,23,DNA,15,above
D8P1,Scaptodrosophila_lativittata,0.566354819,856,0.01,1,23,DNA,15,above
PCRpool8P1,Acizzia_alternata,1.001723561,1947,0.01,1,24,PCR,15,above
PCRpool8P1,Acizzia_solanicola,5.332235742,10364,0.05,1,24,PCR,15,above
PCRpool8P1,Aphidius_colemani,30.78280555,59831,0.2,1,24,PCR,15,above
PCRpool8P1,Bactrocera_tryoni,0.500604533,973,0.01,1,24,PCR,15,above
PCRpool8P1,Bradysia_ocellaris,0,0,0,1,24,PCR,15,above
PCRpool8P1,Carpophilus_davidsoni,3.272194068,6360,0.1,1,24,PCR,15,above
PCRpool8P1,Carpophilus_dimidiatus,1.006354025,1956,0.01,1,24,PCR,15,above
PCRpool8P1,Diuraphis_noxia,0.547938158,1065,0.01,1,24,PCR,15,above
PCRpool8P1,Drosophila_hydeii,1.158130322,2251,0.01,1,24,PCR,15,above
PCRpool8P1,Drosophila_melanogaster,31.4953824,61216,0.5,1,24,PCR,15,above
PCRpool8P1,Drosophila_simulans,16.18604173,31460,0.01,1,24,PCR,15,above
PCRpool8P1,Lysiphlebus_testaceipes,4.03159005,7836,0.05,1,24,PCR,15,above
PCRpool8P1,Metopolophium_dirhodum,0.662670748,1288,0.01,1,24,PCR,15,above
PCRpool8P1,Psyllid_sp,1.508502045,2932,0.01,1,24,PCR,15,above
PCRpool8P1,Rhopalosiphum_padi,0.954389936,1855,0.01,1,24,PCR,15,above
PCRpool8P1,Scaptodrosophila_lativittata,1.559437141,3031,0.01,1,24,PCR,15,above
I1P2,Acizzia_alternata,63.7825324,276614,0.01,1,25,Insects,15,above
I1P2,Acizzia_solanicola,22.70091288,98450,0.1,1,25,Insects,15,above
I1P2,Aphidius_colemani,1.213098046,5261,0.36,1,25,Insects,15,above
I1P2,Bactrocera_tryoni,2.278853448,9883,0.01,1,25,Insects,15,above
I1P2,Bradysia_ocellaris,0,0,0,1,25,Insects,15,above
I1P2,Carpophilus_davidsoni,5.614008389,24347,0.25,1,25,Insects,15,above
I1P2,Carpophilus_dimidiatus,0.036893307,160,0.01,1,25,Insects,15,above
I1P2,Diuraphis_noxia,0.103762426,450,0.01,1,25,Insects,15,above
I1P2,Drosophila_hydeii,0.062257455,270,0.01,1,25,Insects,15,above
I1P2,Drosophila_melanogaster,0.546482108,2370,0.05,1,25,Insects,15,above
I1P2,Drosophila_simulans,0.142039231,616,0.01,1,25,Insects,15,above
I1P2,Lysiphlebus_testaceipes,0.408823957,1773,0.14,1,25,Insects,15,above
I1P2,Metopolophium_dirhodum,0.019599569,85,0.01,1,25,Insects,15,above
I1P2,Psyllid_sp,2.808733568,12181,0.01,1,25,Insects,15,above
I1P2,Rhopalosiphum_padi,0.268859974,1166,0.01,1,25,Insects,15,above
I1P2,Scaptodrosophila_lativittata,0.013143241,57,0.01,1,25,Insects,15,above
D1P2,Acizzia_alternata,9.410022326,12771,0.01,1,26,DNA,15,above
D1P2,Acizzia_solanicola,20.30696228,27560,0.1,1,26,DNA,15,above
D1P2,Aphidius_colemani,29.80393024,40449,0.36,1,26,DNA,15,above
D1P2,Bactrocera_tryoni,0.869456295,1180,0.01,1,26,DNA,15,above
D1P2,Bradysia_ocellaris,0,0,0,1,26,DNA,15,above
D1P2,Carpophilus_davidsoni,17.02955415,23112,0.25,1,26,DNA,15,above
D1P2,Carpophilus_dimidiatus,5.326525048,7229,0.01,1,26,DNA,15,above
D1P2,Diuraphis_noxia,0.02799944,38,0.01,1,26,DNA,15,above
D1P2,Drosophila_hydeii,0.824509826,1119,0.01,1,26,DNA,15,above
D1P2,Drosophila_melanogaster,2.939941201,3990,0.05,1,26,DNA,15,above
D1P2,Drosophila_simulans,0.482621927,655,0.01,1,26,DNA,15,above
D1P2,Lysiphlebus_testaceipes,3.683400016,4999,0.14,1,26,DNA,15,above
D1P2,Metopolophium_dirhodum,0.089156112,121,0.01,1,26,DNA,15,above
D1P2,Psyllid_sp,7.921631041,10751,0.01,1,26,DNA,15,above
D1P2,Rhopalosiphum_padi,0.510621367,693,0.01,1,26,DNA,15,above
D1P2,Scaptodrosophila_lativittata,0.773668737,1050,0.01,1,26,DNA,15,above
PCRpool1P2,Acizzia_alternata,1.334303016,1798,0.01,1,27,PCR,15,above
PCRpool1P2,Acizzia_solanicola,10.63657682,14333,0.1,1,27,PCR,15,above
PCRpool1P2,Aphidius_colemani,41.31738304,55676,0.36,1,27,PCR,15,above
PCRpool1P2,Bactrocera_tryoni,1.396639753,1882,0.01,1,27,PCR,15,above
PCRpool1P2,Bradysia_ocellaris,0,0,0,1,27,PCR,15,above
PCRpool1P2,Carpophilus_davidsoni,21.86980527,29470,0.25,1,27,PCR,15,above
PCRpool1P2,Carpophilus_dimidiatus,0.892751128,1203,0.01,1,27,PCR,15,above
PCRpool1P2,Diuraphis_noxia,0.584035858,787,0.01,1,27,PCR,15,above
PCRpool1P2,Drosophila_hydeii,1.216308478,1639,0.01,1,27,PCR,15,above
PCRpool1P2,Drosophila_melanogaster,5.511606507,7427,0.05,1,27,PCR,15,above
PCRpool1P2,Drosophila_simulans,2.122417478,2860,0.01,1,27,PCR,15,above
PCRpool1P2,Lysiphlebus_testaceipes,7.379482308,9944,0.14,1,27,PCR,15,above
PCRpool1P2,Metopolophium_dirhodum,0.748040845,1008,0.01,1,27,PCR,15,above
PCRpool1P2,Psyllid_sp,2.719069105,3664,0.01,1,27,PCR,15,above
PCRpool1P2,Rhopalosiphum_padi,1.222987414,1648,0.01,1,27,PCR,15,above
PCRpool1P2,Scaptodrosophila_lativittata,1.048592971,1413,0.01,1,27,PCR,15,above
I2P2,Acizzia_alternata,2.779177533,18862,0.01,1,28,Insects,14,above
I2P2,Acizzia_solanicola,86.7323815,588644,0.25,1,28,Insects,14,above
I2P2,Aphidius_colemani,0.076470848,519,0.05,1,28,Insects,14,above
I2P2,Bactrocera_tryoni,0.22145604,1503,0.01,1,28,Insects,14,above
I2P2,Bradysia_ocellaris,0,0,0,1,28,Insects,14,above
I2P2,Carpophilus_davidsoni,6.076411911,41240,0.5,1,28,Insects,14,above
I2P2,Carpophilus_dimidiatus,1.897184281,12876,0.01,1,28,Insects,14,above
I2P2,Diuraphis_noxia,0.030057906,204,0.01,1,28,Insects,14,above
I2P2,Drosophila_hydeii,0.145132535,985,0.01,1,28,Insects,14,above
I2P2,Drosophila_melanogaster,0.285550104,1938,0.1,1,28,Insects,14,above
I2P2,Drosophila_simulans,0.327837452,2225,0.01,1,28,Insects,14,above
I2P2,Lysiphlebus_testaceipes,0,0,0,1,28,Insects,14,above
I2P2,Metopolophium_dirhodum,0.061294553,416,0.01,1,28,Insects,14,above
I2P2,Psyllid_sp,1.129086917,7663,0.01,1,28,Insects,14,above
I2P2,Rhopalosiphum_padi,0.182704917,1240,0.01,1,28,Insects,14,above
I2P2,Scaptodrosophila_lativittata,0.055253503,375,0.01,1,28,Insects,14,above
D2P2,Acizzia_alternata,7.5013488,11123,0.01,1,29,DNA,14,above
D2P2,Acizzia_solanicola,46.00957648,68223,0.25,1,29,DNA,14,above
D2P2,Aphidius_colemani,3.440787699,5102,0.05,1,29,DNA,14,above
D2P2,Bactrocera_tryoni,0.87604532,1299,0.01,1,29,DNA,14,above
D2P2,Bradysia_ocellaris,0,0,0,1,29,DNA,14,above
D2P2,Carpophilus_davidsoni,24.79498247,36766,0.5,1,29,DNA,14,above
D2P2,Carpophilus_dimidiatus,4.335041813,6428,0.01,1,29,DNA,14,above
D2P2,Diuraphis_noxia,0.047207985,70,0.01,1,29,DNA,14,above
D2P2,Drosophila_hydeii,0.613029404,909,0.01,1,29,DNA,14,above
D2P2,Drosophila_melanogaster,4.857027246,7202,0.1,1,29,DNA,14,above
D2P2,Drosophila_simulans,0.352711087,523,0.01,1,29,DNA,14,above
D2P2,Lysiphlebus_testaceipes,0,0,0,1,29,DNA,14,above
D2P2,Metopolophium_dirhodum,0.068788778,102,0.01,1,29,DNA,14,above
D2P2,Psyllid_sp,6.091178851,9032,0.01,1,29,DNA,14,above
D2P2,Rhopalosiphum_padi,0.40733747,604,0.01,1,29,DNA,14,above
D2P2,Scaptodrosophila_lativittata,0.604936606,897,0.01,1,29,DNA,14,above
PCRpool2P2,Acizzia_alternata,1.068803099,1214,0.01,1,30,PCR,14,above
PCRpool2P2,Acizzia_solanicola,28.41308271,32273,0.25,1,30,PCR,14,above
PCRpool2P2,Aphidius_colemani,6.135493243,6969,0.05,1,30,PCR,14,above
PCRpool2P2,Bactrocera_tryoni,1.473786151,1674,0.01,1,30,PCR,14,above
PCRpool2P2,Bradysia_ocellaris,0,0,0,1,30,PCR,14,above
PCRpool2P2,Carpophilus_davidsoni,41.77752344,47453,0.5,1,30,PCR,14,above
PCRpool2P2,Carpophilus_dimidiatus,0.895364705,1017,0.01,1,30,PCR,14,above
PCRpool2P2,Diuraphis_noxia,0.566976273,644,0.01,1,30,PCR,14,above
PCRpool2P2,Drosophila_hydeii,0.956112163,1086,0.01,1,30,PCR,14,above
PCRpool2P2,Drosophila_melanogaster,11.39322974,12941,0.1,1,30,PCR,14,above
PCRpool2P2,Drosophila_simulans,2.068054761,2349,0.01,1,30,PCR,14,above
PCRpool2P2,Lysiphlebus_testaceipes,0,0,0,1,30,PCR,14,above
PCRpool2P2,Metopolophium_dirhodum,0.644451292,732,0.01,1,30,PCR,14,above
PCRpool2P2,Psyllid_sp,2.535546067,2880,0.01,1,30,PCR,14,above
PCRpool2P2,Rhopalosiphum_padi,1.126028965,1279,0.01,1,30,PCR,14,above
PCRpool2P2,Scaptodrosophila_lativittata,0.945547387,1074,0.01,1,30,PCR,14,above
I3P2,Acizzia_alternata,14.67204847,77534,0.01,1,31,Insects,15,above
I3P2,Acizzia_solanicola,77.11274735,407500,0.5,1,31,Insects,15,above
I3P2,Aphidius_colemani,0.560131858,2960,0.06,1,31,Insects,15,above
I3P2,Bactrocera_tryoni,1.177790772,6224,0.01,1,31,Insects,15,above
I3P2,Bradysia_ocellaris,0,0,0,1,31,Insects,15,above
I3P2,Carpophilus_davidsoni,0.259060984,1369,0.05,1,31,Insects,15,above
I3P2,Carpophilus_dimidiatus,0.0157064,83,0.01,1,31,Insects,15,above
I3P2,Diuraphis_noxia,0.03292667,174,0.01,1,31,Insects,15,above
I3P2,Drosophila_hydeii,0.06736721,356,0.01,1,31,Insects,15,above
I3P2,Drosophila_melanogaster,2.199842179,11625,0.25,1,31,Insects,15,above
I3P2,Drosophila_simulans,0.804811078,4253,0.01,1,31,Insects,15,above
I3P2,Lysiphlebus_testaceipes,0.109944801,581,0.04,1,31,Insects,15,above
I3P2,Metopolophium_dirhodum,0.066988742,354,0.01,1,31,Insects,15,above
I3P2,Psyllid_sp,0.571107415,3018,0.01,1,31,Insects,15,above
I3P2,Rhopalosiphum_padi,2.317356329,12246,0.01,1,31,Insects,15,above
I3P2,Scaptodrosophila_lativittata,0.032169735,170,0.01,1,31,Insects,15,above
D3P2,Acizzia_alternata,5.987176437,9814,0.01,1,32,DNA,15,above
D3P2,Acizzia_solanicola,66.4976787,109001,0.5,1,32,DNA,15,above
D3P2,Aphidius_colemani,3.386469982,5551,0.06,1,32,DNA,15,above
D3P2,Bactrocera_tryoni,0.625316471,1025,0.01,1,32,DNA,15,above
D3P2,Bradysia_ocellaris,0,0,0,1,32,DNA,15,above
D3P2,Carpophilus_davidsoni,2.109604251,3458,0.05,1,32,DNA,15,above
D3P2,Carpophilus_dimidiatus,3.718955325,6096,0.01,1,32,DNA,15,above
D3P2,Diuraphis_noxia,0.017081816,28,0.01,1,32,DNA,15,above
D3P2,Drosophila_hydeii,0.511844409,839,0.01,1,32,DNA,15,above
D3P2,Drosophila_melanogaster,10.34364953,16955,0.25,1,32,DNA,15,above
D3P2,Drosophila_simulans,0.280629831,460,0.01,1,32,DNA,15,above
D3P2,Lysiphlebus_testaceipes,0.704014837,1154,0.04,1,32,DNA,15,above
D3P2,Metopolophium_dirhodum,0.06283668,103,0.01,1,32,DNA,15,above
D3P2,Psyllid_sp,4.980569435,8164,0.01,1,32,DNA,15,above
D3P2,Rhopalosiphum_padi,0.306252555,502,0.01,1,32,DNA,15,above
D3P2,Scaptodrosophila_lativittata,0.46791974,767,0.01,1,32,DNA,15,above
PCRpool3P2,Acizzia_alternata,0.983604673,1711,0.01,1,33,PCR,15,above
PCRpool3P2,Acizzia_solanicola,47.14059051,82002,0.5,1,33,PCR,15,above
PCRpool3P2,Aphidius_colemani,6.774857432,11785,0.06,1,33,PCR,15,above
PCRpool3P2,Bactrocera_tryoni,1.240572112,2158,0.01,1,33,PCR,15,above
PCRpool3P2,Bradysia_ocellaris,0,0,0,1,33,PCR,15,above
PCRpool3P2,Carpophilus_davidsoni,3.722291207,6475,0.05,1,33,PCR,15,above
PCRpool3P2,Carpophilus_dimidiatus,0.862881714,1501,0.01,1,33,PCR,15,above
PCRpool3P2,Diuraphis_noxia,0.442075975,769,0.01,1,33,PCR,15,above
PCRpool3P2,Drosophila_hydeii,0.955435982,1662,0.01,1,33,PCR,15,above
PCRpool3P2,Drosophila_melanogaster,29.08848418,50600,0.25,1,33,PCR,15,above
PCRpool3P2,Drosophila_simulans,1.724038815,2999,0.01,1,33,PCR,15,above
PCRpool3P2,Lysiphlebus_testaceipes,1.852235099,3222,0.04,1,33,PCR,15,above
PCRpool3P2,Metopolophium_dirhodum,0.666850625,1160,0.01,1,33,PCR,15,above
PCRpool3P2,Psyllid_sp,2.369044334,4121,0.01,1,33,PCR,15,above
PCRpool3P2,Rhopalosiphum_padi,1.083632266,1885,0.01,1,33,PCR,15,above
PCRpool3P2,Scaptodrosophila_lativittata,1.093405077,1902,0.01,1,33,PCR,15,above
I4P2,Acizzia_alternata,2.639962948,11286,0.01,1,34,Insects,15,above
I4P2,Acizzia_solanicola,40.07148438,171308,0.05,1,34,Insects,15,above
I4P2,Aphidius_colemani,5.405304253,23108,0.12,1,34,Insects,15,above
I4P2,Bactrocera_tryoni,5.14542486,21997,0.01,1,34,Insects,15,above
I4P2,Bradysia_ocellaris,0,0,0,1,34,Insects,15,above
I4P2,Carpophilus_davidsoni,4.004856072,17121,0.1,1,34,Insects,15,above
I4P2,Carpophilus_dimidiatus,0.00725136,31,0.01,1,34,Insects,15,above
I4P2,Diuraphis_noxia,0.974723162,4167,0.01,1,34,Insects,15,above
I4P2,Drosophila_hydeii,1.083025735,4630,0.01,1,34,Insects,15,above
I4P2,Drosophila_melanogaster,23.92714956,102290,0.5,1,34,Insects,15,above
I4P2,Drosophila_simulans,1.238111278,5293,0.01,1,34,Insects,15,above
I4P2,Lysiphlebus_testaceipes,3.2284927,13802,0.13,1,34,Insects,15,above
I4P2,Metopolophium_dirhodum,2.043714006,8737,0.01,1,34,Insects,15,above
I4P2,Psyllid_sp,5.490449257,23472,0.01,1,34,Insects,15,above
I4P2,Rhopalosiphum_padi,4.600403269,19667,0.01,1,34,Insects,15,above
I4P2,Scaptodrosophila_lativittata,0.139647163,597,0.01,1,34,Insects,15,above
D4P2,Acizzia_alternata,13.32781076,20272,0.01,1,35,DNA,15,above
D4P2,Acizzia_solanicola,12.05170181,18331,0.05,1,35,DNA,15,above
D4P2,Aphidius_colemani,12.10692754,18415,0.12,1,35,DNA,15,above
D4P2,Bactrocera_tryoni,0.974997206,1483,0.01,1,35,DNA,15,above
D4P2,Bradysia_ocellaris,0,0,0,1,35,DNA,15,above
D4P2,Carpophilus_davidsoni,6.736224795,10246,0.1,1,35,DNA,15,above
D4P2,Carpophilus_dimidiatus,6.168188662,9382,0.01,1,35,DNA,15,above
D4P2,Diuraphis_noxia,0.034844809,53,0.01,1,35,DNA,15,above
D4P2,Drosophila_hydeii,0.969080163,1474,0.01,1,35,DNA,15,above
D4P2,Drosophila_melanogaster,33.26430116,50596,0.5,1,35,DNA,15,above
D4P2,Drosophila_simulans,0.448380374,682,0.01,1,35,DNA,15,above
D4P2,Lysiphlebus_testaceipes,3.743515907,5694,0.13,1,35,DNA,15,above
D4P2,Metopolophium_dirhodum,0.122943006,187,0.01,1,35,DNA,15,above
D4P2,Psyllid_sp,8.665838281,13181,0.01,1,35,DNA,15,above
D4P2,Rhopalosiphum_padi,0.53713602,817,0.01,1,35,DNA,15,above
D4P2,Scaptodrosophila_lativittata,0.848109505,1290,0.01,1,35,DNA,15,above
PCRpool4P2,Acizzia_alternata,0.964418571,1597,0.01,1,36,PCR,15,above
PCRpool4P2,Acizzia_solanicola,4.91569641,8140,0.05,1,36,PCR,15,above
PCRpool4P2,Aphidius_colemani,14.29235712,23667,0.12,1,36,PCR,15,above
PCRpool4P2,Bactrocera_tryoni,1.331586067,2205,0.01,1,36,PCR,15,above
PCRpool4P2,Bradysia_ocellaris,0,0,0,1,36,PCR,15,above
PCRpool4P2,Carpophilus_davidsoni,7.787211943,12895,0.1,1,36,PCR,15,above
PCRpool4P2,Carpophilus_dimidiatus,0.831561911,1377,0.01,1,36,PCR,15,above
PCRpool4P2,Diuraphis_noxia,0.476472293,789,0.01,1,36,PCR,15,above
PCRpool4P2,Drosophila_hydeii,1.048963718,1737,0.01,1,36,PCR,15,above
PCRpool4P2,Drosophila_melanogaster,54.87281994,90865,0.5,1,36,PCR,15,above
PCRpool4P2,Drosophila_simulans,1.865428282,3089,0.01,1,36,PCR,15,above
PCRpool4P2,Lysiphlebus_testaceipes,6.245470796,10342,0.13,1,36,PCR,15,above
PCRpool4P2,Metopolophium_dirhodum,0.609932847,1010,0.01,1,36,PCR,15,above
PCRpool4P2,Psyllid_sp,2.589497077,4288,0.01,1,36,PCR,15,above
PCRpool4P2,Rhopalosiphum_padi,1.147398425,1900,0.01,1,36,PCR,15,above
PCRpool4P2,Scaptodrosophila_lativittata,1.021184598,1691,0.01,1,36,PCR,15,above
I5P2,Acizzia_alternata,10.06890691,51187,0.00990099,1,37,Insects,16,above
I5P2,Acizzia_solanicola,68.519003,348328,0.099009901,1,37,Insects,16,above
I5P2,Aphidius_colemani,1.769194303,8994,0.356435644,1,37,Insects,16,above
I5P2,Bactrocera_tryoni,6.422132042,32648,0.00990099,1,37,Insects,16,above
I5P2,Bradysia_ocellaris,0.299980132,1525,0.00990099,1,37,Insects,16,above
I5P2,Carpophilus_davidsoni,7.46075178,37928,0.247524752,1,37,Insects,16,above
I5P2,Carpophilus_dimidiatus,0.060979568,310,0.00990099,1,37,Insects,16,above
I5P2,Diuraphis_noxia,0.03894824,198,0.00990099,1,37,Insects,16,above
I5P2,Drosophila_hydeii,0.126286718,642,0.00990099,1,37,Insects,16,above
I5P2,Drosophila_melanogaster,0.536030073,2725,0.04950495,1,37,Insects,16,above
I5P2,Drosophila_simulans,0.091272644,464,0.00990099,1,37,Insects,16,above
I5P2,Lysiphlebus_testaceipes,0.70480578,3583,0.138613861,1,37,Insects,16,above
I5P2,Metopolophium_dirhodum,0.149498296,760,0.00990099,1,37,Insects,16,above
I5P2,Psyllid_sp,2.416561264,12285,0.00990099,1,37,Insects,16,above
I5P2,Rhopalosiphum_padi,1.240245728,6305,0.00990099,1,37,Insects,16,above
I5P2,Scaptodrosophila_lativittata,0.095403518,485,0.00990099,1,37,Insects,16,above
D5P2,Acizzia_alternata,8.613234074,11732,0.00990099,1,38,DNA,16,above
D5P2,Acizzia_solanicola,19.92452775,27139,0.099009901,1,38,DNA,16,above
D5P2,Aphidius_colemani,31.16020234,42443,0.356435644,1,38,DNA,16,above
D5P2,Bactrocera_tryoni,1.016085574,1384,0.00990099,1,38,DNA,16,above
D5P2,Bradysia_ocellaris,0.865581569,1179,0.00990099,1,38,DNA,16,above
D5P2,Carpophilus_davidsoni,16.45412565,22412,0.247524752,1,38,DNA,16,above
D5P2,Carpophilus_dimidiatus,5.725025512,7798,0.00990099,1,38,DNA,16,above
D5P2,Diuraphis_noxia,0.017619981,24,0.00990099,1,38,DNA,16,above
D5P2,Drosophila_hydeii,0.71948256,980,0.00990099,1,38,DNA,16,above
D5P2,Drosophila_melanogaster,2.71054042,3692,0.04950495,1,38,DNA,16,above
D5P2,Drosophila_simulans,0.426550375,581,0.00990099,1,38,DNA,16,above
D5P2,Lysiphlebus_testaceipes,3.427820482,4669,0.138613861,1,38,DNA,16,above
D5P2,Metopolophium_dirhodum,0.08369491,114,0.00990099,1,38,DNA,16,above
D5P2,Psyllid_sp,7.725627528,10523,0.00990099,1,38,DNA,16,above
D5P2,Rhopalosiphum_padi,0.383234588,522,0.00990099,1,38,DNA,16,above
D5P2,Scaptodrosophila_lativittata,0.746646697,1017,0.00990099,1,38,DNA,16,above
PCRpool5P2,Acizzia_alternata,0.858230733,1544,0.00990099,1,39,PCR,16,above
PCRpool5P2,Acizzia_solanicola,9.437202968,16978,0.099009901,1,39,PCR,16,above
PCRpool5P2,Aphidius_colemani,43.74920097,78707,0.356435644,1,39,PCR,16,above
PCRpool5P2,Bactrocera_tryoni,1.210638948,2178,0.00990099,1,39,PCR,16,above
PCRpool5P2,Bradysia_ocellaris,0.759845474,1367,0.00990099,1,39,PCR,16,above
PCRpool5P2,Carpophilus_davidsoni,21.68644562,39015,0.247524752,1,39,PCR,16,above
PCRpool5P2,Carpophilus_dimidiatus,0.942719769,1696,0.00990099,1,39,PCR,16,above
PCRpool5P2,Diuraphis_noxia,0.486923654,876,0.00990099,1,39,PCR,16,above
PCRpool5P2,Drosophila_hydeii,1.092798977,1966,0.00990099,1,39,PCR,16,above
PCRpool5P2,Drosophila_melanogaster,5.361162836,9645,0.04950495,1,39,PCR,16,above
PCRpool5P2,Drosophila_simulans,1.973263667,3550,0.00990099,1,39,PCR,16,above
PCRpool5P2,Lysiphlebus_testaceipes,6.525110475,11739,0.138613861,1,39,PCR,16,above
PCRpool5P2,Metopolophium_dirhodum,0.654790028,1178,0.00990099,1,39,PCR,16,above
PCRpool5P2,Psyllid_sp,3.16611545,5696,0.00990099,1,39,PCR,16,above
PCRpool5P2,Rhopalosiphum_padi,1.079458603,1942,0.00990099,1,39,PCR,16,above
PCRpool5P2,Scaptodrosophila_lativittata,1.016091826,1828,0.00990099,1,39,PCR,16,above
I6P2,Acizzia_alternata,0.424862778,2302,0.01,1,40,Insects,15,above
I6P2,Acizzia_solanicola,84.27712422,456632,0.25,1,40,Insects,15,above
I6P2,Aphidius_colemani,0.204126078,1106,0.04,1,40,Insects,15,above
I6P2,Bactrocera_tryoni,4.043209763,21907,0.01,1,40,Insects,15,above
I6P2,Bradysia_ocellaris,0,0,0,1,40,Insects,15,above
I6P2,Carpophilus_davidsoni,3.486200265,18889,0.5,1,40,Insects,15,above
I6P2,Carpophilus_dimidiatus,0.07806992,423,0.01,1,40,Insects,15,above
I6P2,Diuraphis_noxia,0.180317521,977,0.01,1,40,Insects,15,above
I6P2,Drosophila_hydeii,0.496657574,2691,0.01,1,40,Insects,15,above
I6P2,Drosophila_melanogaster,1.016200893,5506,0.1,1,40,Insects,15,above
I6P2,Drosophila_simulans,0.138606406,751,0.01,1,40,Insects,15,above
I6P2,Lysiphlebus_testaceipes,0.050200989,272,0.01,1,40,Insects,15,above
I6P2,Metopolophium_dirhodum,0.031929305,173,0.01,1,40,Insects,15,above
I6P2,Psyllid_sp,4.606863509,24961,0.01,1,40,Insects,15,above
I6P2,Rhopalosiphum_padi,0.797125255,4319,0.01,1,40,Insects,15,above
I6P2,Scaptodrosophila_lativittata,0.168505524,913,0.01,1,40,Insects,15,above
D6P2,Acizzia_alternata,7.993274594,11077,0.01,1,41,DNA,15,above
D6P2,Acizzia_solanicola,44.06439648,61064,0.25,1,41,DNA,15,above
D6P2,Aphidius_colemani,2.537180958,3516,0.04,1,41,DNA,15,above
D6P2,Bactrocera_tryoni,1.244777347,1725,0.01,1,41,DNA,15,above
D6P2,Bradysia_ocellaris,0,0,0,1,41,DNA,15,above
D6P2,Carpophilus_davidsoni,27.08924152,37540,0.5,1,41,DNA,15,above
D6P2,Carpophilus_dimidiatus,4.463879809,6186,0.01,1,41,DNA,15,above
D6P2,Diuraphis_noxia,0.015875421,22,0.01,1,41,DNA,15,above
D6P2,Drosophila_hydeii,0.566463894,785,0.01,1,41,DNA,15,above
D6P2,Drosophila_melanogaster,4.243788741,5881,0.1,1,41,DNA,15,above
D6P2,Drosophila_simulans,0.308849104,428,0.01,1,41,DNA,15,above
D6P2,Lysiphlebus_testaceipes,0.207102086,287,0.01,1,41,DNA,15,above
D6P2,Metopolophium_dirhodum,0.077933886,108,0.01,1,41,DNA,15,above
D6P2,Psyllid_sp,6.093275316,8444,0.01,1,41,DNA,15,above
D6P2,Rhopalosiphum_padi,0.285757582,396,0.01,1,41,DNA,15,above
D6P2,Scaptodrosophila_lativittata,0.808203263,1120,0.01,1,41,DNA,15,above
PCRpool6P2,Acizzia_alternata,0.989782124,2072,0.01,1,42,PCR,15,above
PCRpool6P2,Acizzia_solanicola,28.44763756,59552,0.25,1,42,PCR,15,above
PCRpool6P2,Aphidius_colemani,4.876778813,10209,0.04,1,42,PCR,15,above
PCRpool6P2,Bactrocera_tryoni,1.300760967,2723,0.01,1,42,PCR,15,above
PCRpool6P2,Bradysia_ocellaris,0,0,0,1,42,PCR,15,above
PCRpool6P2,Carpophilus_davidsoni,42.69343027,89374,0.5,1,42,PCR,15,above
PCRpool6P2,Carpophilus_dimidiatus,0.915739542,1917,0.01,1,42,PCR,15,above
PCRpool6P2,Diuraphis_noxia,0.547915104,1147,0.01,1,42,PCR,15,above
PCRpool6P2,Drosophila_hydeii,1.04089539,2179,0.01,1,42,PCR,15,above
PCRpool6P2,Drosophila_melanogaster,11.21100225,23469,0.1,1,42,PCR,15,above
PCRpool6P2,Drosophila_simulans,2.053606829,4299,0.01,1,42,PCR,15,above
PCRpool6P2,Lysiphlebus_testaceipes,0.478649463,1002,0.01,1,42,PCR,15,above
PCRpool6P2,Metopolophium_dirhodum,0.593773735,1243,0.01,1,42,PCR,15,above
PCRpool6P2,Psyllid_sp,2.651202117,5550,0.01,1,42,PCR,15,above
PCRpool6P2,Rhopalosiphum_padi,1.168439708,2446,0.01,1,42,PCR,15,above
PCRpool6P2,Scaptodrosophila_lativittata,1.03038612,2157,0.01,1,42,PCR,15,above
I7P2,Acizzia_alternata,0.414535079,2281,0.00990099,1,43,Insects,16,above
I7P2,Acizzia_solanicola,90.9758203,500599,0.495049505,1,43,Insects,16,above
I7P2,Aphidius_colemani,0.527210112,2901,0.089108911,1,43,Insects,16,above
I7P2,Bactrocera_tryoni,0.803627409,4422,0.00990099,1,43,Insects,16,above
I7P2,Bradysia_ocellaris,0.007269357,40,0.00990099,1,43,Insects,16,above
I7P2,Carpophilus_davidsoni,0.093592971,515,0.04950495,1,43,Insects,16,above
I7P2,Carpophilus_dimidiatus,0.007632825,42,0.00990099,1,43,Insects,16,above
I7P2,Diuraphis_noxia,0.0101771,56,0.00990099,1,43,Insects,16,above
I7P2,Drosophila_hydeii,0.724754886,3988,0.00990099,1,43,Insects,16,above
I7P2,Drosophila_melanogaster,2.503929996,13778,0.247524752,1,43,Insects,16,above
I7P2,Drosophila_simulans,0.01853686,102,0.00990099,1,43,Insects,16,above
I7P2,Lysiphlebus_testaceipes,0.006178953,34,0.00990099,1,43,Insects,16,above
I7P2,Metopolophium_dirhodum,0.078872523,434,0.00990099,1,43,Insects,16,above
I7P2,Psyllid_sp,3.625228303,19948,0.00990099,1,43,Insects,16,above
I7P2,Rhopalosiphum_padi,0.195363968,1075,0.00990099,1,43,Insects,16,above
I7P2,Scaptodrosophila_lativittata,0.007269357,40,0.00990099,1,43,Insects,16,above
D7P2,Acizzia_alternata,9.383448561,18187,0.00990099,1,44,DNA,16,above
D7P2,Acizzia_solanicola,63.28655454,122662,0.495049505,1,44,DNA,16,above
D7P2,Aphidius_colemani,4.328758642,8390,0.089108911,1,44,DNA,16,above
D7P2,Bactrocera_tryoni,0.875554638,1697,0.00990099,1,44,DNA,16,above
D7P2,Bradysia_ocellaris,0.734702301,1424,0.00990099,1,44,DNA,16,above
D7P2,Carpophilus_davidsoni,2.073573419,4019,0.04950495,1,44,DNA,16,above
D7P2,Carpophilus_dimidiatus,3.478485192,6742,0.00990099,1,44,DNA,16,above
D7P2,Diuraphis_noxia,0.014962336,29,0.00990099,1,44,DNA,16,above
D7P2,Drosophila_hydeii,0.460220823,892,0.00990099,1,44,DNA,16,above
D7P2,Drosophila_melanogaster,9.436074708,18289,0.247524752,1,44,DNA,16,above
D7P2,Drosophila_simulans,0.248168404,481,0.00990099,1,44,DNA,16,above
D7P2,Lysiphlebus_testaceipes,0.165101641,320,0.00990099,1,44,DNA,16,above
D7P2,Metopolophium_dirhodum,0.046950779,91,0.00990099,1,44,DNA,16,above
D7P2,Psyllid_sp,4.780208441,9265,0.00990099,1,44,DNA,16,above
D7P2,Rhopalosiphum_padi,0.204829223,397,0.00990099,1,44,DNA,16,above
D7P2,Scaptodrosophila_lativittata,0.482406356,935,0.00990099,1,44,DNA,16,above
PCRpool7P2,Acizzia_alternata,0.916830075,1931,0.00990099,1,45,PCR,16,above
PCRpool7P2,Acizzia_solanicola,46.32532037,97569,0.495049505,1,45,PCR,16,above
PCRpool7P2,Aphidius_colemani,9.635024713,20293,0.089108911,1,45,PCR,16,above
PCRpool7P2,Bactrocera_tryoni,1.02033549,2149,0.00990099,1,45,PCR,16,above
PCRpool7P2,Bradysia_ocellaris,0.717415973,1511,0.00990099,1,45,PCR,16,above
PCRpool7P2,Carpophilus_davidsoni,3.731417692,7859,0.04950495,1,45,PCR,16,above
PCRpool7P2,Carpophilus_dimidiatus,0.845610753,1781,0.00990099,1,45,PCR,16,above
PCRpool7P2,Diuraphis_noxia,0.448206935,944,0.00990099,1,45,PCR,16,above
PCRpool7P2,Drosophila_hydeii,0.892615506,1880,0.00990099,1,45,PCR,16,above
PCRpool7P2,Drosophila_melanogaster,28.54280519,60116,0.247524752,1,45,PCR,16,above
PCRpool7P2,Drosophila_simulans,1.756743283,3700,0.00990099,1,45,PCR,16,above
PCRpool7P2,Lysiphlebus_testaceipes,0.431589093,909,0.00990099,1,45,PCR,16,above
PCRpool7P2,Metopolophium_dirhodum,0.582574056,1227,0.00990099,1,45,PCR,16,above
PCRpool7P2,Psyllid_sp,2.283766268,4810,0.00990099,1,45,PCR,16,above
PCRpool7P2,Rhopalosiphum_padi,1.044075265,2199,0.00990099,1,45,PCR,16,above
PCRpool7P2,Scaptodrosophila_lativittata,0.825669343,1739,0.00990099,1,45,PCR,16,above
I8P2,Acizzia_alternata,22.00635564,119456,0.01,1,46,Insects,15,above
I8P2,Acizzia_solanicola,43.3915166,235540,0.05,1,46,Insects,15,above
I8P2,Aphidius_colemani,0.607746511,3299,0.2,1,46,Insects,15,above
I8P2,Bactrocera_tryoni,10.3558237,56214,0.01,1,46,Insects,15,above
I8P2,Bradysia_ocellaris,0,0,0,1,46,Insects,15,above
I8P2,Carpophilus_davidsoni,1.019481417,5534,0.1,1,46,Insects,15,above
I8P2,Carpophilus_dimidiatus,0.213881085,1161,0.01,1,46,Insects,15,above
I8P2,Diuraphis_noxia,0.069451481,377,0.01,1,46,Insects,15,above
I8P2,Drosophila_hydeii,1.984064846,10770,0.01,1,46,Insects,15,above
I8P2,Drosophila_melanogaster,11.92317966,64722,0.5,1,46,Insects,15,above
I8P2,Drosophila_simulans,0.282227237,1532,0.01,1,46,Insects,15,above
I8P2,Lysiphlebus_testaceipes,0.071662138,389,0.05,1,46,Insects,15,above
I8P2,Metopolophium_dirhodum,1.063878782,5775,0.01,1,46,Insects,15,above
I8P2,Psyllid_sp,5.8727951,31879,0.01,1,46,Insects,15,above
I8P2,Rhopalosiphum_padi,1.071431861,5816,0.01,1,46,Insects,15,above
I8P2,Scaptodrosophila_lativittata,0.066503938,361,0.01,1,46,Insects,15,above
D8P2,Acizzia_alternata,9.988375212,12287,0.01,1,47,DNA,15,above
D8P2,Acizzia_solanicola,11.80769512,14525,0.05,1,47,DNA,15,above
D8P2,Aphidius_colemani,18.97360442,23340,0.2,1,47,DNA,15,above
D8P2,Bactrocera_tryoni,1.299049694,1598,0.01,1,47,DNA,15,above
D8P2,Bradysia_ocellaris,0,0,0,1,47,DNA,15,above
D8P2,Carpophilus_davidsoni,6.907400031,8497,0.1,1,47,DNA,15,above
D8P2,Carpophilus_dimidiatus,6.053831709,7447,0.01,1,47,DNA,15,above
D8P2,Diuraphis_noxia,0.037394422,46,0.01,1,47,DNA,15,above
D8P2,Drosophila_hydeii,0.95193191,1171,0.01,1,47,DNA,15,above
D8P2,Drosophila_melanogaster,32.24049491,39660,0.5,1,47,DNA,15,above
D8P2,Drosophila_simulans,0.482875794,594,0.01,1,47,DNA,15,above
D8P2,Lysiphlebus_testaceipes,1.351889638,1663,0.05,1,47,DNA,15,above
D8P2,Metopolophium_dirhodum,0.126815865,156,0.01,1,47,DNA,15,above
D8P2,Psyllid_sp,8.496662954,10452,0.01,1,47,DNA,15,above
D8P2,Rhopalosiphum_padi,0.468243194,576,0.01,1,47,DNA,15,above
D8P2,Scaptodrosophila_lativittata,0.813735134,1001,0.01,1,47,DNA,15,above
PCRpool8P2,Acizzia_alternata,0.824113411,1451,0.01,1,48,PCR,15,above
PCRpool8P2,Acizzia_solanicola,4.540859213,7995,0.05,1,48,PCR,15,above
PCRpool8P2,Aphidius_colemani,21.27530272,37459,0.2,1,48,PCR,15,above
PCRpool8P2,Bactrocera_tryoni,1.119453847,1971,0.01,1,48,PCR,15,above
PCRpool8P2,Bradysia_ocellaris,0,0,0,1,48,PCR,15,above
PCRpool8P2,Carpophilus_davidsoni,7.573210351,13334,0.1,1,48,PCR,15,above
PCRpool8P2,Carpophilus_dimidiatus,0.787195856,1386,0.01,1,48,PCR,15,above
PCRpool8P2,Diuraphis_noxia,0.521957426,919,0.01,1,48,PCR,15,above
PCRpool8P2,Drosophila_hydeii,0.964400118,1698,0.01,1,48,PCR,15,above
PCRpool8P2,Drosophila_melanogaster,53.32485176,93888,0.5,1,48,PCR,15,above
PCRpool8P2,Drosophila_simulans,1.811799986,3190,0.01,1,48,PCR,15,above
PCRpool8P2,Lysiphlebus_testaceipes,2.396801236,4220,0.05,1,48,PCR,15,above
PCRpool8P2,Metopolophium_dirhodum,0.572506077,1008,0.01,1,48,PCR,15,above
PCRpool8P2,Psyllid_sp,2.42633528,4272,0.01,1,48,PCR,15,above
PCRpool8P2,Rhopalosiphum_padi,0.959856419,1690,0.01,1,48,PCR,15,above
PCRpool8P2,Scaptodrosophila_lativittata,0.901356294,1587,0.01,1,48,PCR,15,above
